Source_ID,Target_ID,Source_File,Target_File,Source_Member,Target_Member,Source_Member_Type,Target_Member_Type,Dependency_Type,Dependency_Count,Is_Member_Level,Source_Member_ID,Target_Member_ID,Source_Module,Target_Module
16,190,bashjmp.h,lib/readline/posixjmp.h,,,file,file,Import,1.0,False,,,general,libreadline
276,89,lib/sh/tmpfile.c,include/filecntl.h,,,file,file,Import,1.0,False,,,libsh,general
7,99,array.h,include/stdc.h,,,file,file,Import,1.0,False,,,general,general
276,83,lib/sh/tmpfile.c,general.h,get_sys_tmpdir,file_iswdir,functionimpl,functionproto,Call,3.0,True,2514.0,685.0,libsh,general
232,316,lib/sh/getenv.c,shell.h,,,file,file,Import,1.0,False,,,libsh,general
104,26,jobs.c,builtins/common.h,job_working_directory,get_working_directory,functionimpl,functionproto,Call,1.0,True,784.0,102.0,job_control,libbuiltins
104,26,jobs.c,builtins/common.h,,,file,file,Import,1.0,False,,,job_control,libbuiltins
25,91,builtins/common.c,include/maxpath.h,,,file,file,Import,1.0,False,,,libbuiltins,general
82,316,general.c,shell.h,,,file,file,Import,1.0,False,,,general,general
82,316,general.c,shell.h,initialize_group_array,user_info,functionimpl,type,Use,8.0,True,640.0,2925.0,general,general
82,316,general.c,shell.h,group_member,user_info,functionimpl,type,Use,8.0,True,639.0,2925.0,general,general
74,105,execute_cmd.c,jobs.h,,,file,file,Import,1.0,False,,,general,job_control
104,33,jobs.c,command.h,,command,file,type,Contain,2.0,False,,194.0,job_control,general
144,145,lib/intl/relocatable.c,lib/intl/relocatable.h,,,file,file,Import,1.0,False,,,libintl,libintl
104,39,jobs.c,error.h,set_tty_state,sys_error,functionimpl,functionproto,Call,3.0,True,797.0,263.0,job_control,error_handling
104,39,jobs.c,error.h,notify_of_job_status,get_name_for_error,functionimpl,functionproto,Call,3.0,True,789.0,258.0,job_control,error_handling
104,39,jobs.c,error.h,notify_of_job_status,programming_error,functionimpl,functionproto,Call,3.0,True,789.0,262.0,job_control,error_handling
25,81,builtins/common.c,flags.h,,,file,file,Import,1.0,False,,,libbuiltins,general
40,340,eval.c,variables.h,read_command,variable,functionimpl,type,Cast,1.0,True,266.0,3694.0,general,general
40,340,eval.c,variables.h,reader_loop,dispose_used_env_vars,functionimpl,functionproto,Call,4.0,True,267.0,3658.0,general,general
40,340,eval.c,variables.h,send_pwd_to_eterm,get_string_value,functionimpl,functionproto,Call,4.0,True,268.0,3665.0,general,general
40,340,eval.c,variables.h,parse_command,get_string_value,functionimpl,functionproto,Call,4.0,True,265.0,3665.0,general,general
40,340,eval.c,variables.h,read_command,find_variable,functionimpl,functionproto,Call,4.0,True,266.0,3662.0,general,general
40,340,eval.c,variables.h,read_command,variable,functionimpl,type,Use,1.0,True,266.0,3694.0,general,general
40,340,eval.c,variables.h,read_command,variable,functionimpl,type,Contain,1.0,True,266.0,3694.0,general,general
339,77,variables.c,externs.h,sh_get_home_dir,get_current_user_info,functionimpl,functionproto,Call,10.0,True,3498.0,538.0,general,general
339,77,variables.c,externs.h,set_shell_var,get_current_user_info,functionimpl,functionproto,Call,10.0,True,3497.0,538.0,general,general
339,77,variables.c,externs.h,get_bash_name,get_current_user_info,functionimpl,functionproto,Call,10.0,True,3474.0,538.0,general,general
339,77,variables.c,externs.h,get_bash_name,sh_canonpath,functionimpl,functionproto,Call,10.0,True,3474.0,558.0,general,general
339,77,variables.c,externs.h,set_ppid,inttostr,functionimpl,functionproto,Call,10.0,True,3495.0,546.0,general,general
339,77,variables.c,externs.h,uidset,inttostr,functionimpl,functionproto,Call,10.0,True,3499.0,546.0,general,general
339,77,variables.c,externs.h,maybe_make_export_env,strvec_flush,functionimpl,functionproto,Call,10.0,True,3483.0,567.0,general,general
339,77,variables.c,externs.h,maybe_make_export_env,strvec_resize,functionimpl,functionproto,Call,10.0,True,3483.0,568.0,general,general
339,79,variables.c,findcmd.h,get_bash_name,find_user_command,functionimpl,functionproto,Call,2.0,True,3474.0,590.0,general,general
339,79,variables.c,findcmd.h,get_bash_name,file_status,functionimpl,functionproto,Call,2.0,True,3474.0,589.0,general,general
339,79,variables.c,findcmd.h,,,file,file,Import,1.0,False,,,general,general
25,88,builtins/common.c,include/chartypes.h,,,file,file,Import,1.0,False,,,libbuiltins,general
339,75,variables.c,execute_cmd.h,,,file,file,Import,1.0,False,,,general,general
339,81,variables.c,flags.h,,,file,file,Import,1.0,False,,,general,general
74,114,execute_cmd.c,lib/glob/strmatch.h,,,file,file,Import,1.0,False,,,general,libglob
75,99,execute_cmd.h,include/stdc.h,,,file,file,Import,1.0,False,,,general,general
339,88,variables.c,include/chartypes.h,,,file,file,Import,1.0,False,,,general,general
339,87,variables.c,hashlib.h,,hashlib,file,type,Cast,3.0,False,,,general,general
339,87,variables.c,hashlib.h,kill_all_local_variables,hash_table,functionimpl,type,Cast,3.0,True,3480.0,728.0,general,general
339,87,variables.c,hashlib.h,create_variable_tables,hash_create,functionimpl,functionproto,Call,4.0,True,3471.0,721.0,general,general
339,87,variables.c,hashlib.h,kill_all_local_variables,hash_dispose,functionimpl,functionproto,Call,4.0,True,3480.0,722.0,general,general
339,87,variables.c,hashlib.h,pop_var_context,hash_flush,functionimpl,functionproto,Call,4.0,True,3489.0,723.0,general,general
339,87,variables.c,hashlib.h,kill_all_local_variables,hash_table,functionimpl,type,Use,2.0,True,3480.0,728.0,general,general
339,87,variables.c,hashlib.h,maybe_make_export_env,hash_table,functionimpl,type,Use,2.0,True,3483.0,728.0,general,general
339,87,variables.c,hashlib.h,,hashlib,file,type,Contain,10.0,False,,,general,general
82,334,general.c,test.h,,,file,file,Import,1.0,False,,,general,general
25,77,builtins/common.c,externs.h,sh_wrerror,strerror,functionimpl,functionproto,Call,1.0,True,68.0,559.0,libbuiltins,general
339,83,variables.c,general.h,get_bash_name,make_absolute,functionimpl,functionproto,Call,3.0,True,3474.0,689.0,general,general
339,83,variables.c,general.h,get_bash_name,full_pathname,functionimpl,functionproto,Call,3.0,True,3474.0,686.0,general,general
339,83,variables.c,general.h,init_seconds_var,legal_number,functionimpl,functionproto,Call,3.0,True,3477.0,688.0,general,general
276,94,lib/sh/tmpfile.c,include/posixtime.h,,,file,file,Import,1.0,False,,,libsh,general
25,75,builtins/common.c,execute_cmd.h,builtin_error_prolog,executing_line_number,functionimpl,functionproto,Call,1.0,True,62.0,453.0,libbuiltins,general
25,75,builtins/common.c,execute_cmd.h,,,file,file,Import,1.0,False,,,libbuiltins,general
339,85,variables.c,hashcmd.h,,,file,file,Import,1.0,False,,,general,general
149,148,lib/malloc/malloc.c,lib/malloc/imalloc.h,,,file,file,Import,1.0,False,,,libmalloc,general
339,19,variables.c,bashtypes.h,,,file,file,Import,1.0,False,,,general,general
339,19,variables.c,bashtypes.h,,,file,var,Use,1.0,False,,,general,general
341,99,version.c,include/stdc.h,,,file,file,Import,1.0,False,,,general,general
339,15,variables.c,bashintl.h,,,file,file,Import,1.0,False,,,general,general
339,12,variables.c,bashansi.h,,,file,file,Import,1.0,False,,,general,general
174,199,lib/readline/histexpand.c,lib/readline/rlshell.h,,,file,file,Import,1.0,False,,,libreadline,libreadline
339,26,variables.c,builtins/common.h,set_pwd,set_working_directory,functionimpl,functionproto,Call,5.0,True,3496.0,114.0,general,libbuiltins
339,26,variables.c,builtins/common.h,set_pwd,get_working_directory,functionimpl,functionproto,Call,5.0,True,3496.0,102.0,general,libbuiltins
339,26,variables.c,builtins/common.h,pop_dollar_vars,remember_args,functionimpl,functionproto,Call,5.0,True,3488.0,109.0,general,libbuiltins
339,26,variables.c,builtins/common.h,pop_dollar_vars,set_dollar_vars_unchanged,functionimpl,functionproto,Call,5.0,True,3488.0,113.0,general,libbuiltins
339,26,variables.c,builtins/common.h,,,file,file,Import,1.0,False,,,general,libbuiltins
82,19,general.c,bashtypes.h,,,file,file,Import,1.0,False,,,general,general
82,15,general.c,bashintl.h,,,file,file,Import,1.0,False,,,general,general
208,198,lib/readline/signals.c,lib/readline/rlprivate.h,rl_cleanup_after_signal,_rl_clean_up_for_exit,functionimpl,functionproto,Call,3.0,True,2052.0,1912.0,libreadline,libreadline
208,198,lib/readline/signals.c,lib/readline/rlprivate.h,rl_free_line_state,_rl_kill_kbd_macro,functionimpl,functionproto,Call,3.0,True,2054.0,1929.0,libreadline,libreadline
208,198,lib/readline/signals.c,lib/readline/rlprivate.h,rl_free_line_state,_rl_reset_argument,functionimpl,functionproto,Call,3.0,True,2054.0,1940.0,libreadline,libreadline
208,198,lib/readline/signals.c,lib/readline/rlprivate.h,,,file,file,Import,1.0,False,,,libreadline,libreadline
208,198,lib/readline/signals.c,lib/readline/rlprivate.h,_rl_block_sigint,_rl_block_sigint,functionimpl,functionproto,Implement,4.0,True,2048.0,1909.0,libreadline,libreadline
208,198,lib/readline/signals.c,lib/readline/rlprivate.h,_rl_release_sigint,_rl_release_sigint,functionimpl,functionproto,Implement,4.0,True,2050.0,1938.0,libreadline,libreadline
208,198,lib/readline/signals.c,lib/readline/rlprivate.h,_rl_block_sigwinch,_rl_block_sigwinch,functionimpl,functionproto,Implement,4.0,True,2049.0,1910.0,libreadline,libreadline
208,198,lib/readline/signals.c,lib/readline/rlprivate.h,_rl_release_sigwinch,_rl_release_sigwinch,functionimpl,functionproto,Implement,4.0,True,2051.0,1939.0,libreadline,libreadline
82,12,general.c,bashansi.h,,,file,file,Import,1.0,False,,,general,general
208,194,lib/readline/signals.c,lib/readline/readline.h,rl_cleanup_after_signal,rl_deprep_term_function,functionimpl,var,Call,1.0,True,2052.0,1875.0,libreadline,libreadline
208,194,lib/readline/signals.c,lib/readline/readline.h,,,file,file,Import,1.0,False,,,libreadline,libreadline
208,196,lib/readline/signals.c,lib/readline/rldefs.h,,,file,file,Import,1.0,False,,,libreadline,libreadline
339,37,variables.c,dispose_cmd.h,pop_dollar_vars,dispose_words,functionimpl,functionproto,Call,2.0,True,3488.0,241.0,general,general
339,37,variables.c,dispose_cmd.h,dispose_saved_dollar_vars,dispose_words,functionimpl,functionproto,Call,2.0,True,3472.0,241.0,general,general
339,39,variables.c,error.h,all_local_variables,internal_error,functionimpl,functionproto,Call,3.0,True,3465.0,259.0,general,error_handling
339,39,variables.c,error.h,pop_var_context,internal_error,functionimpl,functionproto,Call,3.0,True,3489.0,259.0,general,error_handling
339,33,variables.c,command.h,,command,file,type,Cast,6.0,False,,194.0,general,general
339,33,variables.c,command.h,push_dollar_vars,word_list,functionimpl,type,Cast,6.0,True,3490.0,212.0,general,general
339,33,variables.c,command.h,pop_dollar_vars,word_list,functionimpl,type,Cast,6.0,True,3488.0,212.0,general,general
339,33,variables.c,command.h,dispose_saved_dollar_vars,word_list,functionimpl,type,Cast,6.0,True,3472.0,212.0,general,general
339,33,variables.c,command.h,find_function_def,FUNCTION_DEF,functionproto,alias,Return,1.0,True,3516.0,174.0,general,general
339,33,variables.c,command.h,push_dollar_vars,word_list,functionimpl,type,Use,8.0,True,3490.0,212.0,general,general
339,33,variables.c,command.h,pop_dollar_vars,word_list,functionimpl,type,Use,8.0,True,3488.0,212.0,general,general
339,33,variables.c,command.h,dispose_saved_dollar_vars,word_list,functionimpl,type,Use,8.0,True,3472.0,212.0,general,general
339,33,variables.c,command.h,,command,file,type,Contain,5.0,False,,194.0,general,general
339,30,variables.c,builtins/getopt.h,,,file,file,Import,1.0,False,,,general,libbuiltins
25,39,builtins/common.c,error.h,builtin_error_prolog,get_name_for_error,functionimpl,functionproto,Call,1.0,True,62.0,258.0,libbuiltins,error_handling
104,19,jobs.c,bashtypes.h,,,file,file,Import,1.0,False,,,job_control,general
339,192,variables.c,lib/readline/posixstat.h,,,file,file,Import,1.0,False,,,general,libreadline
322,192,subst.c,lib/readline/posixstat.h,,,file,file,Import,1.0,False,,,general,libreadline
135,126,lib/intl/localealias.c,lib/intl/gettextP.h,,,file,file,Import,1.0,False,,,libintl,libintl
25,33,builtins/common.c,command.h,,command,file,type,Contain,7.0,False,,194.0,libbuiltins,general
102,192,input.c,lib/readline/posixstat.h,,,file,file,Import,1.0,False,,,general,libreadline
104,12,jobs.c,bashansi.h,,,file,file,Import,1.0,False,,,job_control,general
208,178,lib/readline/signals.c,lib/readline/history.h,,,file,file,Import,1.0,False,,,libreadline,libreadline
208,178,lib/readline/signals.c,lib/readline/history.h,rl_free_line_state,_hist_entry,functionimpl,type,Use,1.0,True,2054.0,1637.0,libreadline,libreadline
208,178,lib/readline/signals.c,lib/readline/history.h,rl_free_line_state,_hist_entry,functionimpl,type,Contain,1.0,True,2054.0,1637.0,libreadline,libreadline
82,33,general.c,command.h,,command,file,type,Contain,1.0,False,,194.0,general,general
160,178,lib/readline/bind.c,lib/readline/history.h,,,file,file,Import,1.0,False,,,libreadline,libreadline
104,15,jobs.c,bashintl.h,,,file,file,Import,1.0,False,,,job_control,general
315,295,shell.c,lib/tilde/tilde.h,,,file,file,Import,1.0,False,,,general,libtilde
254,101,lib/sh/snprintf.c,include/typemax.h,,,file,file,Import,1.0,False,,,libsh,general
25,26,builtins/common.c,builtins/common.h,,,file,file,Import,1.0,False,,,libbuiltins,libbuiltins
25,26,builtins/common.c,builtins/common.h,builtin_usage,builtin_usage,functionimpl,functionproto,Implement,6.0,True,63.0,100.0,libbuiltins,libbuiltins
25,26,builtins/common.c,builtins/common.h,sh_wrerror,sh_wrerror,functionimpl,functionproto,Implement,6.0,True,68.0,115.0,libbuiltins,libbuiltins
25,26,builtins/common.c,builtins/common.h,dollar_vars_changed,dollar_vars_changed,functionimpl,functionproto,Implement,6.0,True,64.0,101.0,libbuiltins,libbuiltins
25,26,builtins/common.c,builtins/common.h,set_dollar_vars_unchanged,set_dollar_vars_unchanged,functionimpl,functionproto,Implement,6.0,True,67.0,113.0,libbuiltins,libbuiltins
25,26,builtins/common.c,builtins/common.h,set_dollar_vars_changed,set_dollar_vars_changed,functionimpl,functionproto,Implement,6.0,True,66.0,112.0,libbuiltins,libbuiltins
25,26,builtins/common.c,builtins/common.h,initialize_shell_builtins,initialize_shell_builtins,functionimpl,functionproto,Implement,6.0,True,65.0,104.0,libbuiltins,libbuiltins
84,87,hashcmd.c,hashlib.h,,hashlib,file,type,Cast,1.0,False,,,general,general
84,87,hashcmd.c,hashlib.h,phash_create,hash_create,functionimpl,functionproto,Call,2.0,True,696.0,721.0,general,general
84,87,hashcmd.c,hashlib.h,phash_flush,hash_flush,functionimpl,functionproto,Call,2.0,True,697.0,723.0,general,general
84,87,hashcmd.c,hashlib.h,,hashlib,file,type,Contain,1.0,False,,,general,general
25,24,builtins/common.c,builtins/bashgetopt.h,,,file,file,Import,1.0,False,,,libbuiltins,libbuiltins
315,299,shell.c,mailcheck.h,,,file,file,Import,1.0,False,,,general,general
25,22,builtins/common.c,builtins.h,,,file,file,Import,1.0,False,,,libbuiltins,libbuiltins
25,22,builtins/common.c,builtins.h,initialize_shell_builtins,shell_builtins,functionimpl,var,Use,3.0,True,65.0,53.0,libbuiltins,libbuiltins
25,22,builtins/common.c,builtins.h,initialize_shell_builtins,num_shell_builtins,functionimpl,var,Use,3.0,True,65.0,52.0,libbuiltins,libbuiltins
25,22,builtins/common.c,builtins.h,initialize_shell_builtins,builtin,functionimpl,type,Use,3.0,True,65.0,51.0,libbuiltins,libbuiltins
25,22,builtins/common.c,builtins.h,,builtins,file,type,Contain,3.0,False,,,libbuiltins,libbuiltins
23,12,builtins/bashgetopt.c,bashansi.h,,,file,file,Import,1.0,False,,,libbuiltins,general
186,194,lib/readline/misc.c,lib/readline/readline.h,rl_maybe_replace_line,undo_list,functionimpl,type,Cast,3.0,True,1754.0,1872.0,libreadline,libreadline
186,194,lib/readline/misc.c,lib/readline/readline.h,rl_maybe_unsave_line,undo_list,functionimpl,type,Cast,3.0,True,1756.0,1872.0,libreadline,libreadline
186,194,lib/readline/misc.c,lib/readline/readline.h,_rl_revert_all_lines,undo_list,functionimpl,type,Cast,3.0,True,1750.0,1872.0,libreadline,libreadline
186,194,lib/readline/misc.c,lib/readline/readline.h,_rl_arg_getchar,rl_message,functionimpl,functionproto,Call,1.0,True,1744.0,1868.0,libreadline,libreadline
186,194,lib/readline/misc.c,lib/readline/readline.h,,,file,file,Import,1.0,False,,,libreadline,libreadline
186,194,lib/readline/misc.c,lib/readline/readline.h,rl_maybe_unsave_line,undo_list,functionimpl,type,Use,4.0,True,1756.0,1872.0,libreadline,libreadline
186,194,lib/readline/misc.c,lib/readline/readline.h,_rl_revert_all_lines,undo_list,functionimpl,type,Use,4.0,True,1750.0,1872.0,libreadline,libreadline
186,194,lib/readline/misc.c,lib/readline/readline.h,_rl_revert_all_lines,undo_list,functionimpl,type,Contain,2.0,True,1750.0,1872.0,libreadline,libreadline
333,307,test.c,pathexp.h,,,file,file,Import,1.0,False,,,general,general
186,196,lib/readline/misc.c,lib/readline/rldefs.h,,,file,file,Import,1.0,False,,,libreadline,libreadline
25,19,builtins/common.c,bashtypes.h,,,file,file,Import,1.0,False,,,libbuiltins,general
300,77,make_cmd.c,externs.h,,,file,file,Import,1.0,False,,,general,general
179,178,lib/readline/histsearch.c,lib/readline/history.h,,,file,file,Import,1.0,False,,,libreadline,libreadline
179,176,lib/readline/histsearch.c,lib/readline/histlib.h,,,file,file,Import,1.0,False,,,libreadline,libreadline
262,316,lib/sh/stringvec.c,shell.h,,,file,file,Import,1.0,False,,,libsh,general
25,15,builtins/common.c,bashintl.h,,,file,file,Import,1.0,False,,,libbuiltins,general
25,12,builtins/common.c,bashansi.h,,,file,file,Import,1.0,False,,,libbuiltins,general
84,79,hashcmd.c,findcmd.h,,,file,file,Import,1.0,False,,,general,general
186,197,lib/readline/misc.c,lib/readline/rlmbutil.h,,,file,file,Import,1.0,False,,,libreadline,libreadline
186,198,lib/readline/misc.c,lib/readline/rlprivate.h,rl_digit_loop,_rl_abort_internal,functionimpl,functionproto,Call,2.0,True,1752.0,1902.0,libreadline,libreadline
186,198,lib/readline/misc.c,lib/readline/rlprivate.h,_rl_revert_all_lines,_rl_set_the_line,functionimpl,functionproto,Call,2.0,True,1750.0,1946.0,libreadline,libreadline
186,198,lib/readline/misc.c,lib/readline/rlprivate.h,,,file,file,Import,1.0,False,,,libreadline,libreadline
186,198,lib/readline/misc.c,lib/readline/rlprivate.h,_rl_arg_overflow,_rl_arg_overflow,functionimpl,functionproto,Implement,7.0,True,1746.0,1907.0,libreadline,libreadline
186,198,lib/readline/misc.c,lib/readline/rlprivate.h,_rl_arg_init,_rl_arg_init,functionimpl,functionproto,Implement,7.0,True,1745.0,1906.0,libreadline,libreadline
186,198,lib/readline/misc.c,lib/readline/rlprivate.h,_rl_arg_getchar,_rl_arg_getchar,functionimpl,functionproto,Implement,7.0,True,1744.0,1905.0,libreadline,libreadline
186,198,lib/readline/misc.c,lib/readline/rlprivate.h,_rl_reset_argument,_rl_reset_argument,functionimpl,functionproto,Implement,7.0,True,1749.0,1940.0,libreadline,libreadline
186,198,lib/readline/misc.c,lib/readline/rlprivate.h,_rl_start_using_history,_rl_start_using_history,functionimpl,functionproto,Implement,7.0,True,1751.0,1947.0,libreadline,libreadline
186,198,lib/readline/misc.c,lib/readline/rlprivate.h,_rl_free_saved_history_line,_rl_free_saved_history_line,functionimpl,functionproto,Implement,7.0,True,1747.0,1920.0,libreadline,libreadline
186,198,lib/readline/misc.c,lib/readline/rlprivate.h,_rl_revert_all_lines,_rl_revert_all_lines,functionimpl,functionproto,Implement,7.0,True,1750.0,1943.0,libreadline,libreadline
186,199,lib/readline/misc.c,lib/readline/rlshell.h,,,file,file,Import,1.0,False,,,libreadline,libreadline
84,85,hashcmd.c,hashcmd.h,,,file,file,Import,1.0,False,,,general,general
84,85,hashcmd.c,hashcmd.h,phash_create,phash_create,functionimpl,functionproto,Implement,2.0,True,696.0,703.0,general,general
84,85,hashcmd.c,hashcmd.h,phash_flush,phash_flush,functionimpl,functionproto,Implement,2.0,True,697.0,704.0,general,general
197,200,lib/readline/rlmbutil.h,lib/readline/rlstdc.h,,,file,file,Import,1.0,False,,,libreadline,libreadline
214,220,lib/readline/undo.c,lib/readline/xmalloc.h,,,file,file,Import,1.0,False,,,libreadline,libreadline
321,307,stringlib.c,pathexp.h,,,file,file,Import,1.0,False,,,general,general
23,26,builtins/bashgetopt.c,builtins/common.h,,,file,file,Import,1.0,False,,,libbuiltins,libbuiltins
23,33,builtins/bashgetopt.c,command.h,,command,file,type,Cast,3.0,False,,194.0,libbuiltins,general
23,33,builtins/bashgetopt.c,command.h,reset_internal_getopt,word_list,functionimpl,type,Cast,3.0,True,55.0,212.0,libbuiltins,general
23,33,builtins/bashgetopt.c,command.h,reset_internal_getopt,word_list,functionimpl,type,Use,1.0,True,55.0,212.0,libbuiltins,general
23,33,builtins/bashgetopt.c,command.h,,command,file,type,Contain,4.0,False,,194.0,libbuiltins,general
82,88,general.c,include/chartypes.h,,,file,file,Import,1.0,False,,,general,general
82,89,general.c,include/filecntl.h,,,file,file,Import,1.0,False,,,general,general
330,12,support/xcase.c,bashansi.h,,,file,file,Import,1.0,False,,,support,general
267,99,lib/sh/strtoimax.c,include/stdc.h,,,file,file,Import,1.0,False,,,libsh,general
323,99,subst.h,include/stdc.h,,,file,file,Import,1.0,False,,,general,general
82,83,general.c,general.h,check_dev_tty,check_dev_tty,functionimpl,functionproto,Implement,3.0,True,638.0,683.0,general,general
82,83,general.c,general.h,tilde_initialize,tilde_initialize,functionimpl,functionproto,Implement,3.0,True,641.0,691.0,general,general
82,83,general.c,general.h,group_member,group_member,functionimpl,functionproto,Implement,3.0,True,639.0,687.0,general,general
321,316,stringlib.c,shell.h,,,file,file,Import,1.0,False,,,general,general
186,178,lib/readline/misc.c,lib/readline/history.h,,history,file,type,Cast,5.0,False,,,libreadline,libreadline
186,178,lib/readline/misc.c,lib/readline/history.h,_rl_start_using_history,_hist_entry,functionimpl,type,Cast,5.0,True,1751.0,1637.0,libreadline,libreadline
186,178,lib/readline/misc.c,lib/readline/history.h,rl_maybe_unsave_line,_hist_entry,functionimpl,type,Cast,5.0,True,1756.0,1637.0,libreadline,libreadline
186,178,lib/readline/misc.c,lib/readline/history.h,rl_maybe_save_line,_hist_entry,functionimpl,type,Cast,5.0,True,1755.0,1637.0,libreadline,libreadline
186,178,lib/readline/misc.c,lib/readline/history.h,_rl_free_saved_history_line,_hist_entry,functionimpl,type,Cast,5.0,True,1747.0,1637.0,libreadline,libreadline
186,178,lib/readline/misc.c,lib/readline/history.h,,,file,file,Import,1.0,False,,,libreadline,libreadline
186,178,lib/readline/misc.c,lib/readline/history.h,_rl_start_using_history,_hist_entry,functionimpl,type,Use,16.0,True,1751.0,1637.0,libreadline,libreadline
186,178,lib/readline/misc.c,lib/readline/history.h,rl_maybe_replace_line,_hist_entry,functionimpl,type,Use,16.0,True,1754.0,1637.0,libreadline,libreadline
186,178,lib/readline/misc.c,lib/readline/history.h,rl_maybe_unsave_line,_hist_entry,functionimpl,type,Use,16.0,True,1756.0,1637.0,libreadline,libreadline
186,178,lib/readline/misc.c,lib/readline/history.h,rl_maybe_save_line,_hist_entry,functionimpl,type,Use,16.0,True,1755.0,1637.0,libreadline,libreadline
186,178,lib/readline/misc.c,lib/readline/history.h,_rl_free_saved_history_line,_hist_entry,functionimpl,type,Use,16.0,True,1747.0,1637.0,libreadline,libreadline
186,178,lib/readline/misc.c,lib/readline/history.h,_rl_revert_all_lines,_hist_entry,functionimpl,type,Use,16.0,True,1750.0,1637.0,libreadline,libreadline
186,178,lib/readline/misc.c,lib/readline/history.h,_rl_revert_all_lines,HIST_ENTRY,functionimpl,alias,Use,16.0,True,1750.0,1635.0,libreadline,libreadline
186,178,lib/readline/misc.c,lib/readline/history.h,,history,file,type,Contain,4.0,False,,,libreadline,libreadline
186,178,lib/readline/misc.c,lib/readline/history.h,rl_maybe_replace_line,_hist_entry,functionimpl,type,Contain,4.0,True,1754.0,1637.0,libreadline,libreadline
333,316,test.c,shell.h,,,file,file,Import,1.0,False,,,general,general
82,77,general.c,externs.h,tilde_initialize,strvec_create,functionimpl,functionproto,Call,5.0,True,641.0,566.0,general,general
82,77,general.c,externs.h,initialize_group_array,getmaxgroups,functionimpl,functionproto,Call,5.0,True,640.0,544.0,general,general
313,192,redir.c,lib/readline/posixstat.h,,,file,file,Import,1.0,False,,,general,libreadline
317,316,sig.c,shell.h,,,file,file,Import,1.0,False,,,signal_handling,general
317,318,sig.c,sig.h,,,file,file,Import,1.0,False,,,signal_handling,signal_handling
317,318,sig.c,sig.h,initialize_terminating_signals,initialize_terminating_signals,functionimpl,functionproto,Implement,6.0,True,2936.0,2969.0,signal_handling,signal_handling
317,318,sig.c,sig.h,reset_terminating_signals,reset_terminating_signals,functionimpl,functionproto,Implement,6.0,True,2937.0,2970.0,signal_handling,signal_handling
317,318,sig.c,sig.h,top_level_cleanup,top_level_cleanup,functionimpl,functionproto,Implement,6.0,True,2940.0,2974.0,signal_handling,signal_handling
317,318,sig.c,sig.h,throw_to_top_level,throw_to_top_level,functionimpl,functionproto,Implement,6.0,True,2939.0,2973.0,signal_handling,signal_handling
317,318,sig.c,sig.h,set_sigwinch_handler,set_sigwinch_handler,functionimpl,functionproto,Implement,6.0,True,2938.0,2972.0,signal_handling,signal_handling
317,318,sig.c,sig.h,unset_sigwinch_handler,unset_sigwinch_handler,functionimpl,functionproto,Implement,6.0,True,2941.0,2976.0,signal_handling,signal_handling
317,312,sig.c,quit.h,throw_to_top_level,DELINTERRUPT,functionimpl,var,Use,1.0,True,2939.0,2836.0,signal_handling,general
205,220,lib/readline/savestring.c,lib/readline/xmalloc.h,,,file,file,Import,1.0,False,,,libreadline,libreadline
242,12,lib/sh/mktime.c,bashansi.h,,,file,file,Import,1.0,False,,,libsh,general
162,200,lib/readline/compat.c,lib/readline/rlstdc.h,,,file,file,Import,1.0,False,,,libreadline,libreadline
162,203,lib/readline/compat.c,lib/readline/rltypedefs.h,,,file,file,Import,1.0,False,,,libreadline,general
104,75,jobs.c,execute_cmd.h,,,file,file,Import,1.0,False,,,job_control,general
104,77,jobs.c,externs.h,current_working_directory,getcwd,functionimpl,functionproto,Call,2.0,True,775.0,540.0,job_control,general
104,77,jobs.c,externs.h,get_tty_state,get_new_window_size,functionimpl,functionproto,Call,2.0,True,779.0,539.0,job_control,general
245,192,lib/sh/oslib.c,lib/readline/posixstat.h,,,file,file,Import,1.0,False,,,libsh,libreadline
298,299,mailcheck.c,mailcheck.h,,,file,file,Import,1.0,False,,,general,general
10,316,assoc.c,shell.h,,,file,file,Import,1.0,False,,,general,general
317,320,sig.c,siglist.h,,,file,file,Import,1.0,False,,,signal_handling,signal_handling
298,295,mailcheck.c,lib/tilde/tilde.h,,,file,file,Import,1.0,False,,,general,libtilde
317,336,sig.c,trap.h,initialize_terminating_signals,signal_is_trapped,functionimpl,functionproto,Call,6.0,True,2936.0,3439.0,signal_handling,general
317,336,sig.c,trap.h,initialize_terminating_signals,set_signal_ignored,functionimpl,functionproto,Call,6.0,True,2936.0,3436.0,signal_handling,general
317,336,sig.c,trap.h,reset_terminating_signals,signal_is_trapped,functionimpl,functionproto,Call,6.0,True,2937.0,3439.0,signal_handling,general
317,336,sig.c,trap.h,reset_terminating_signals,signal_is_special,functionimpl,functionproto,Call,6.0,True,2937.0,3438.0,signal_handling,general
317,336,sig.c,trap.h,throw_to_top_level,run_interrupt_trap,functionimpl,functionproto,Call,6.0,True,2939.0,3432.0,signal_handling,general
317,336,sig.c,trap.h,throw_to_top_level,signal_is_trapped,functionimpl,functionproto,Call,6.0,True,2939.0,3439.0,signal_handling,general
317,336,sig.c,trap.h,,,file,file,Import,1.0,False,,,signal_handling,general
8,316,arrayfunc.c,shell.h,,,file,file,Import,1.0,False,,,general,general
104,81,jobs.c,flags.h,,,file,file,Import,1.0,False,,,job_control,general
247,192,lib/sh/pathphys.c,lib/readline/posixstat.h,,,file,file,Import,1.0,False,,,libsh,libreadline
104,83,jobs.c,general.h,notify_of_job_status,polite_directory_format,functionimpl,functionproto,Call,2.0,True,789.0,690.0,job_control,general
300,97,make_cmd.c,include/shmbutil.h,,,file,file,Import,1.0,False,,,general,general
300,93,make_cmd.c,include/ocache.h,,,file,file,Import,1.0,False,,,general,general
300,93,make_cmd.c,include/ocache.h,,ocache,file,type,Contain,2.0,False,,,general,general
104,89,jobs.c,include/filecntl.h,,,file,file,Import,1.0,False,,,job_control,general
322,114,subst.c,lib/glob/strmatch.h,,,file,file,Import,1.0,False,,,general,libglob
102,103,input.c,input.h,,,file,file,Import,1.0,False,,,general,general
8,307,arrayfunc.c,pathexp.h,,,file,file,Import,1.0,False,,,general,general
337,12,unwind_prot.c,bashansi.h,,,file,file,Import,1.0,False,,,general,general
337,19,unwind_prot.c,bashtypes.h,,,file,file,Import,1.0,False,,,general,general
322,101,subst.c,include/typemax.h,,,file,file,Import,1.0,False,,,general,general
300,89,make_cmd.c,include/filecntl.h,,,file,file,Import,1.0,False,,,general,general
104,94,jobs.c,include/posixtime.h,,,file,file,Import,1.0,False,,,job_control,general
104,95,jobs.c,include/posixwait.h,job_signal_status,WAIT,functionproto,alias,Return,2.0,True,817.0,739.0,job_control,general
104,95,jobs.c,include/posixwait.h,raw_job_exit_status,WAIT,functionproto,alias,Return,2.0,True,825.0,739.0,job_control,general
104,98,jobs.c,include/shtty.h,,,file,file,Import,1.0,False,,,job_control,general
300,83,make_cmd.c,general.h,,,file,file,Import,1.0,False,,,general,general
300,81,make_cmd.c,flags.h,,,file,file,Import,1.0,False,,,general,general
322,105,subst.c,jobs.h,,,file,file,Import,1.0,False,,,general,job_control
322,105,subst.c,jobs.h,,,file,var,Use,2.0,False,,,general,job_control
183,194,lib/readline/kill.c,lib/readline/readline.h,,,file,file,Import,1.0,False,,,libreadline,libreadline
233,99,lib/sh/inet_aton.c,include/stdc.h,,,file,file,Import,1.0,False,,,libsh,general
183,198,lib/readline/kill.c,lib/readline/rlprivate.h,,,file,file,Import,1.0,False,,,libreadline,libreadline
335,336,trap.c,trap.h,,,file,file,Import,1.0,False,,,general,general
335,336,trap.c,trap.h,initialize_traps,IMPOSSIBLE_TRAP_HANDLER,functionimpl,var,Use,7.0,True,3378.0,3442.0,general,general
335,336,trap.c,trap.h,initialize_traps,DEFAULT_SIG,functionimpl,var,Use,7.0,True,3378.0,3440.0,general,general
335,336,trap.c,trap.h,run_pending_traps,DEFAULT_SIG,functionimpl,var,Use,7.0,True,3385.0,3440.0,general,general
335,336,trap.c,trap.h,run_pending_traps,IGNORE_SIG,functionimpl,var,Use,7.0,True,3385.0,3441.0,general,general
335,336,trap.c,trap.h,run_pending_traps,IMPOSSIBLE_TRAP_HANDLER,functionimpl,var,Use,7.0,True,3385.0,3442.0,general,general
335,336,trap.c,trap.h,initialize_traps,initialize_traps,functionimpl,functionproto,Implement,11.0,True,3378.0,3426.0,general,general
335,336,trap.c,trap.h,run_pending_traps,run_pending_traps,functionimpl,functionproto,Implement,11.0,True,3385.0,3433.0,general,general
335,336,trap.c,trap.h,get_all_original_signals,get_all_original_signals,functionimpl,functionproto,Implement,11.0,True,3377.0,3425.0,general,general
335,336,trap.c,trap.h,run_exit_trap,run_exit_trap,functionimpl,functionproto,Implement,11.0,True,3383.0,3431.0,general,general
335,336,trap.c,trap.h,run_debug_trap,run_debug_trap,functionimpl,functionproto,Implement,11.0,True,3381.0,3429.0,general,general
335,336,trap.c,trap.h,run_error_trap,run_error_trap,functionimpl,functionproto,Implement,11.0,True,3382.0,3430.0,general,general
335,336,trap.c,trap.h,run_return_trap,run_return_trap,functionimpl,functionproto,Implement,11.0,True,3386.0,3434.0,general,general
335,336,trap.c,trap.h,run_interrupt_trap,run_interrupt_trap,functionimpl,functionproto,Implement,11.0,True,3384.0,3432.0,general,general
335,336,trap.c,trap.h,free_trap_strings,free_trap_strings,functionimpl,functionproto,Implement,11.0,True,3376.0,3424.0,general,general
335,336,trap.c,trap.h,reset_signal_handlers,reset_signal_handlers,functionimpl,functionproto,Implement,11.0,True,3379.0,3427.0,general,general
335,336,trap.c,trap.h,restore_original_signals,restore_original_signals,functionimpl,functionproto,Implement,11.0,True,3380.0,3428.0,general,general
183,196,lib/readline/kill.c,lib/readline/rldefs.h,,,file,file,Import,1.0,False,,,libreadline,libreadline
5,87,alias.h,hashlib.h,,,file,file,Import,1.0,False,,,general,general
5,87,alias.h,hashlib.h,,hashlib,file,type,Contain,1.0,False,,,general,general
102,15,input.c,bashintl.h,,,file,file,Import,1.0,False,,,general,general
102,12,input.c,bashansi.h,,,file,file,Import,1.0,False,,,general,general
225,316,lib/sh/eaccess.c,shell.h,,,file,file,Import,1.0,False,,,libsh,general
132,131,lib/intl/loadmsgcat.c,lib/intl/loadinfo.h,,loadinfo,file,type,Contain,2.0,False,,,libintl,libintl
102,19,input.c,bashtypes.h,,,file,file,Import,1.0,False,,,general,general
297,332,locale.c,syntax.h,locale_setblanks,sh_syntabsiz,functionimpl,var,Use,5.0,True,2593.0,3339.0,general,general
297,332,locale.c,syntax.h,locale_setblanks,sh_syntaxtab,functionimpl,var,Use,5.0,True,2593.0,3340.0,general,general
262,88,lib/sh/stringvec.c,include/chartypes.h,,,file,file,Import,1.0,False,,,libsh,general
11,99,assoc.h,include/stdc.h,,,file,file,Import,1.0,False,,,general,general
337,33,unwind_prot.c,command.h,,,file,file,Import,1.0,False,,,general,general
217,220,lib/readline/vi_mode.c,lib/readline/xmalloc.h,,,file,file,Import,1.0,False,,,libreadline,libreadline
5,99,alias.h,include/stdc.h,,,file,file,Import,1.0,False,,,general,general
303,316,nojobs.c,shell.h,,,file,file,Import,1.0,False,,,job_control,general
39,99,error.h,include/stdc.h,,,file,file,Import,1.0,False,,,error_handling,general
132,142,lib/intl/loadmsgcat.c,lib/intl/plural-exp.h,,,file,file,Import,1.0,False,,,libintl,libintl
337,39,unwind_prot.c,error.h,,,file,file,Import,1.0,False,,,general,error_handling
249,343,lib/sh/setlinebuf.c,xmalloc.h,,,file,file,Import,1.0,False,,,libsh,job_control
303,312,nojobs.c,quit.h,wait_for_background_pids,QUIT,functionimpl,var,Call,1.0,True,2757.0,2837.0,job_control,general
303,312,nojobs.c,quit.h,wait_for_background_pids,QUIT,functionimpl,var,Use,2.0,True,2757.0,2837.0,job_control,general
297,340,locale.c,variables.h,set_default_locale_vars,get_string_value,functionimpl,functionproto,Call,4.0,True,2596.0,3665.0,general,general
297,340,locale.c,variables.h,set_default_lang,get_string_value,functionimpl,functionproto,Call,4.0,True,2594.0,3665.0,general,general
18,99,bashline.h,include/stdc.h,,,file,file,Import,1.0,False,,,general,general
102,33,input.c,command.h,,,file,file,Import,1.0,False,,,general,general
297,316,locale.c,shell.h,,,file,file,Import,1.0,False,,,general,general
102,39,input.c,error.h,,,file,file,Import,1.0,False,,,general,error_handling
283,99,lib/sh/winsize.c,include/stdc.h,,,file,file,Import,1.0,False,,,libsh,general
246,316,lib/sh/pathcanon.c,shell.h,,,file,file,Import,1.0,False,,,libsh,general
132,128,lib/intl/loadmsgcat.c,lib/intl/hash-string.h,,,file,file,Import,1.0,False,,,libintl,libintl
132,127,lib/intl/loadmsgcat.c,lib/intl/gmo.h,,,file,file,Import,1.0,False,,,libintl,libintl
132,126,lib/intl/loadmsgcat.c,lib/intl/gettextP.h,,,file,file,Import,1.0,False,,,libintl,libintl
132,126,lib/intl/loadmsgcat.c,lib/intl/gettextP.h,,gettextP,file,type,Contain,4.0,False,,,libintl,libintl
115,97,lib/glob/xmbsrtowcs.c,include/shmbutil.h,,,file,file,Import,1.0,False,,,libglob,general
25,295,builtins/common.c,lib/tilde/tilde.h,,,file,file,Import,1.0,False,,,libbuiltins,libtilde
244,343,lib/sh/netopen.c,xmalloc.h,,,file,file,Import,1.0,False,,,libsh,job_control
174,220,lib/readline/histexpand.c,lib/readline/xmalloc.h,,,file,file,Import,1.0,False,,,libreadline,libreadline
337,83,unwind_prot.c,general.h,,,file,file,Import,1.0,False,,,general,general
256,12,lib/sh/strcasecmp.c,bashansi.h,,,file,file,Import,1.0,False,,,libsh,general
306,114,pathexp.c,lib/glob/strmatch.h,,,file,file,Import,1.0,False,,,general,libglob
276,316,lib/sh/tmpfile.c,shell.h,,,file,file,Import,1.0,False,,,libsh,general
32,83,builtins/psize.c,general.h,,,file,file,Import,1.0,False,,,libbuiltins,general
321,83,stringlib.c,general.h,,general,file,type,Contain,3.0,False,,,general,general
321,88,stringlib.c,include/chartypes.h,,,file,file,Import,1.0,False,,,general,general
339,5,variables.c,alias.h,,,file,file,Import,1.0,False,,,general,general
333,334,test.c,test.h,,,file,file,Import,1.0,False,,,general,general
308,309,pcomplete.c,pcomplete.h,,,file,file,Import,1.0,False,,,general,general
335,312,trap.c,quit.h,run_pending_traps,CLRINTERRUPT,functionimpl,var,Use,1.0,True,3385.0,2835.0,general,general
315,192,shell.c,lib/readline/posixstat.h,,,file,file,Import,1.0,False,,,general,libreadline
335,316,trap.c,shell.h,,,file,file,Import,1.0,False,,,general,general
102,77,input.c,externs.h,,,file,file,Import,1.0,False,,,general,general
308,307,pcomplete.c,pathexp.h,,,file,file,Import,1.0,False,,,general,general
181,198,lib/readline/isearch.c,lib/readline/rlprivate.h,,,file,file,Import,1.0,False,,,libreadline,libreadline
181,198,lib/readline/isearch.c,lib/readline/rlprivate.h,_rl_isearch_init,_rl_search_cxt,functionproto,alias,Return,3.0,True,1685.0,1900.0,libreadline,libreadline
181,198,lib/readline/isearch.c,lib/readline/rlprivate.h,_rl_scxt_alloc,_rl_search_cxt,functionproto,alias,Return,3.0,True,1686.0,1900.0,libreadline,libreadline
181,194,lib/readline/isearch.c,lib/readline/readline.h,,,file,file,Import,1.0,False,,,libreadline,libreadline
253,98,lib/sh/shtty.c,include/shtty.h,,,file,file,Import,1.0,False,,,libsh,general
253,98,lib/sh/shtty.c,include/shtty.h,ttsave,ttsave,functionimpl,functionproto,Implement,7.0,True,2354.0,750.0,libsh,general
253,98,lib/sh/shtty.c,include/shtty.h,ttrestore,ttrestore,functionimpl,functionproto,Implement,7.0,True,2353.0,749.0,libsh,general
253,98,lib/sh/shtty.c,include/shtty.h,ttonechar,ttonechar,functionimpl,functionproto,Implement,7.0,True,2352.0,748.0,libsh,general
253,98,lib/sh/shtty.c,include/shtty.h,ttnoecho,ttnoecho,functionimpl,functionproto,Implement,7.0,True,2351.0,747.0,libsh,general
253,98,lib/sh/shtty.c,include/shtty.h,tteightbit,tteightbit,functionimpl,functionproto,Implement,7.0,True,2349.0,745.0,libsh,general
253,98,lib/sh/shtty.c,include/shtty.h,ttnocanon,ttnocanon,functionimpl,functionproto,Implement,7.0,True,2350.0,746.0,libsh,general
253,98,lib/sh/shtty.c,include/shtty.h,ttcbreak,ttcbreak,functionimpl,functionproto,Implement,7.0,True,2348.0,744.0,libsh,general
181,197,lib/readline/isearch.c,lib/readline/rlmbutil.h,,,file,file,Import,1.0,False,,,libreadline,libreadline
181,196,lib/readline/isearch.c,lib/readline/rldefs.h,,,file,file,Import,1.0,False,,,libreadline,libreadline
335,318,trap.c,sig.h,set_sigint_handler,SigHandler,functionimpl,functionproto,Return,1.0,True,3387.0,2967.0,general,signal_handling
335,318,trap.c,sig.h,initialize_traps,SIGCHLD,functionimpl,var,Use,1.0,True,3378.0,2977.0,general,signal_handling
335,318,trap.c,sig.h,set_sigint_handler,set_sigint_handler,functionimpl,functionproto,Implement,1.0,True,3387.0,2971.0,general,signal_handling
202,204,lib/readline/rltty.h,lib/readline/rlwinsize.h,,,file,file,Import,1.0,False,,,libreadline,libreadline
308,316,pcomplete.c,shell.h,,,file,file,Import,1.0,False,,,general,general
219,220,lib/readline/xmalloc.c,lib/readline/xmalloc.h,,,file,file,Import,1.0,False,,,libreadline,libreadline
183,178,lib/readline/kill.c,lib/readline/history.h,,,file,file,Import,1.0,False,,,libreadline,libreadline
233,12,lib/sh/inet_aton.c,bashansi.h,,,file,file,Import,1.0,False,,,libsh,general
181,178,lib/readline/isearch.c,lib/readline/history.h,,,file,file,Import,1.0,False,,,libreadline,libreadline
181,178,lib/readline/isearch.c,lib/readline/history.h,,history,file,type,Contain,1.0,False,,,libreadline,libreadline
13,192,bashhist.c,lib/readline/posixstat.h,,,file,file,Import,1.0,False,,,general,libreadline
98,99,include/shtty.h,include/stdc.h,,,file,file,Import,1.0,False,,,general,general
246,88,lib/sh/pathcanon.c,include/chartypes.h,,,file,file,Import,1.0,False,,,libsh,general
246,89,lib/sh/pathcanon.c,include/filecntl.h,,,file,file,Import,1.0,False,,,libsh,general
300,304,make_cmd.c,parser.h,,,file,file,Import,1.0,False,,,general,general
300,301,make_cmd.c,make_cmd.h,,,file,file,Import,1.0,False,,,general,general
300,301,make_cmd.c,make_cmd.h,cmd_init,cmd_init,functionimpl,functionproto,Implement,3.0,True,2656.0,2707.0,general,general
300,301,make_cmd.c,make_cmd.h,alloc_word_desc,alloc_word_desc,functionimpl,functionproto,Implement,3.0,True,2655.0,2705.0,general,general
300,301,make_cmd.c,make_cmd.h,make_bare_simple_command,make_bare_simple_command,functionimpl,functionproto,Implement,3.0,True,2657.0,2712.0,general,general
160,192,lib/readline/bind.c,lib/readline/posixstat.h,,,file,file,Import,1.0,False,,,libreadline,libreadline
160,198,lib/readline/bind.c,lib/readline/rlprivate.h,,,file,file,Import,1.0,False,,,libreadline,libreadline
160,199,lib/readline/bind.c,lib/readline/rlshell.h,,,file,file,Import,1.0,False,,,libreadline,libreadline
160,194,lib/readline/bind.c,lib/readline/readline.h,,,file,file,Import,1.0,False,,,libreadline,libreadline
130,131,lib/intl/l10nflist.c,lib/intl/loadinfo.h,,,file,file,Import,1.0,False,,,libintl,libintl
130,131,lib/intl/l10nflist.c,lib/intl/loadinfo.h,_nl_make_l10nflist,loaded_l10nfile,functionproto,type,Return,1.0,True,1054.0,1060.0,libintl,libintl
130,131,lib/intl/l10nflist.c,lib/intl/loadinfo.h,,loadinfo,file,type,Contain,1.0,False,,,libintl,libintl
160,196,lib/readline/bind.c,lib/readline/rldefs.h,,,file,file,Import,1.0,False,,,libreadline,libreadline
341,34,version.c,conftypes.h,,,file,file,Import,1.0,False,,,general,general
38,316,error.c,shell.h,,,file,file,Import,1.0,False,,,error_handling,general
116,126,lib/intl/bindtextdom.c,lib/intl/gettextP.h,,,file,file,Import,1.0,False,,,libintl,libintl
116,126,lib/intl/bindtextdom.c,lib/intl/gettextP.h,,gettextP,file,type,Contain,1.0,False,,,libintl,libintl
279,343,lib/sh/unicode.c,xmalloc.h,,,file,file,Import,1.0,False,,,libsh,job_control
13,178,bashhist.c,lib/readline/history.h,,,file,file,Import,1.0,False,,,general,libreadline
314,99,redir.h,include/stdc.h,,,file,file,Import,1.0,False,,,general,general
84,316,hashcmd.c,shell.h,,,file,file,Import,1.0,False,,,general,general
283,19,lib/sh/winsize.c,bashtypes.h,,,file,file,Import,1.0,False,,,libsh,general
296,83,list.c,general.h,list_reverse,GENERIC_LIST,functionproto,alias,Return,2.0,True,2590.0,680.0,general,general
296,83,list.c,general.h,list_append,GENERIC_LIST,functionproto,alias,Return,2.0,True,2589.0,680.0,general,general
296,83,list.c,general.h,,general,file,type,Contain,5.0,False,,,general,general
115,12,lib/glob/xmbsrtowcs.c,bashansi.h,,,file,file,Import,1.0,False,,,libglob,general
276,19,lib/sh/tmpfile.c,bashtypes.h,,,file,file,Import,1.0,False,,,libsh,general
227,101,lib/sh/fmtulong.c,include/typemax.h,,,file,file,Import,1.0,False,,,libsh,general
339,103,variables.c,input.h,,,file,file,Import,1.0,False,,,general,general
36,316,dispose_cmd.c,shell.h,,,file,file,Import,1.0,False,,,general,general
256,99,lib/sh/strcasecmp.c,include/stdc.h,,,file,file,Import,1.0,False,,,libsh,general
341,15,version.c,bashintl.h,,,file,file,Import,1.0,False,,,general,general
300,340,make_cmd.c,variables.h,,,file,file,Import,1.0,False,,,general,general
117,126,lib/intl/dcgettext.c,lib/intl/gettextP.h,,,file,file,Import,1.0,False,,,libintl,libintl
22,5,builtins.h,alias.h,,,file,file,Import,1.0,False,,,libbuiltins,general
32,33,builtins/psize.c,command.h,,,file,file,Import,1.0,False,,,libbuiltins,general
300,332,make_cmd.c,syntax.h,,,file,file,Import,1.0,False,,,general,general
321,12,stringlib.c,bashansi.h,,,file,file,Import,1.0,False,,,general,general
244,316,lib/sh/netopen.c,shell.h,,,file,file,Import,1.0,False,,,libsh,general
328,12,support/recho.c,bashansi.h,,,file,file,Import,1.0,False,,,support,general
321,19,stringlib.c,bashtypes.h,,,file,file,Import,1.0,False,,,general,general
119,126,lib/intl/dcngettext.c,lib/intl/gettextP.h,,,file,file,Import,1.0,False,,,libintl,libintl
300,323,make_cmd.c,subst.h,,,file,file,Import,1.0,False,,,general,general
334,99,test.h,include/stdc.h,,,file,file,Import,1.0,False,,,general,general
256,88,lib/sh/strcasecmp.c,include/chartypes.h,,,file,file,Import,1.0,False,,,libsh,general
32,19,builtins/psize.c,bashtypes.h,,,file,file,Import,1.0,False,,,libbuiltins,general
165,194,lib/readline/emacs_keymap.c,lib/readline/readline.h,,,file,file,Import,1.0,False,,,libreadline,libreadline
344,77,y.tab.c,externs.h,error_token_from_text,substring,functionimpl,functionproto,Call,1.0,True,3711.0,569.0,general,general
344,77,y.tab.c,externs.h,yyparse,yyparse,functionimpl,functionproto,Implement,5.0,True,3732.0,574.0,general,general
344,77,y.tab.c,externs.h,return_EOF,return_EOF,functionimpl,functionproto,Implement,5.0,True,3722.0,553.0,general,general
344,77,y.tab.c,externs.h,free_pushed_string_input,free_pushed_string_input,functionimpl,functionproto,Implement,5.0,True,3712.0,536.0,general,general
344,77,y.tab.c,externs.h,reset_parser,reset_parser,functionimpl,functionproto,Implement,5.0,True,3721.0,552.0,general,general
344,77,y.tab.c,externs.h,get_current_prompt_level,get_current_prompt_level,functionimpl,functionproto,Implement,5.0,True,3714.0,537.0,general,general
302,12,mksyntax.c,bashansi.h,,,file,file,Import,1.0,False,,,general,general
163,197,lib/readline/complete.c,lib/readline/rlmbutil.h,,,file,file,Import,1.0,False,,,libreadline,libreadline
163,196,lib/readline/complete.c,lib/readline/rldefs.h,,,file,file,Import,1.0,False,,,libreadline,libreadline
163,194,lib/readline/complete.c,lib/readline/readline.h,,,file,file,Import,1.0,False,,,libreadline,libreadline
186,220,lib/readline/misc.c,lib/readline/xmalloc.h,,,file,file,Import,1.0,False,,,libreadline,libreadline
163,192,lib/readline/complete.c,lib/readline/posixstat.h,,,file,file,Import,1.0,False,,,libreadline,libreadline
211,220,lib/readline/text.c,lib/readline/xmalloc.h,,,file,file,Import,1.0,False,,,libreadline,libreadline
335,22,trap.c,builtins.h,,,file,file,Import,1.0,False,,,general,libbuiltins
125,126,lib/intl/gettext.c,lib/intl/gettextP.h,,,file,file,Import,1.0,False,,,libintl,libintl
214,178,lib/readline/undo.c,lib/readline/history.h,,,file,file,Import,1.0,False,,,libreadline,libreadline
163,189,lib/readline/complete.c,lib/readline/posixdir.h,,,file,file,Import,1.0,False,,,libreadline,libreadline
335,26,trap.c,builtins/common.h,run_pending_traps,parse_and_execute,functionimpl,functionproto,Call,2.0,True,3385.0,107.0,general,libbuiltins
335,26,trap.c,builtins/common.h,run_exit_trap,parse_and_execute,functionimpl,functionproto,Call,2.0,True,3383.0,107.0,general,libbuiltins
335,26,trap.c,builtins/common.h,,,file,file,Import,1.0,False,,,general,libbuiltins
264,99,lib/sh/strpbrk.c,include/stdc.h,,,file,file,Import,1.0,False,,,libsh,general
302,19,mksyntax.c,bashtypes.h,,,file,file,Import,1.0,False,,,general,general
21,88,braces.c,include/chartypes.h,,,file,file,Import,1.0,False,,,general,general
37,99,dispose_cmd.h,include/stdc.h,,,file,file,Import,1.0,False,,,general,general
21,83,braces.c,general.h,,,file,file,Import,1.0,False,,,general,general
229,12,lib/sh/fnxform.c,bashansi.h,,,file,file,Import,1.0,False,,,libsh,general
184,178,lib/readline/macro.c,lib/readline/history.h,,,file,file,Import,1.0,False,,,libreadline,libreadline
247,88,lib/sh/pathphys.c,include/chartypes.h,,,file,file,Import,1.0,False,,,libsh,general
231,92,lib/sh/getcwd.c,include/memalloc.h,getcwd,alloca,functionimpl,functionproto,Call,1.0,True,2260.0,734.0,libsh,libbuiltins
231,92,lib/sh/getcwd.c,include/memalloc.h,,,file,file,Import,1.0,False,,,libsh,libbuiltins
247,89,lib/sh/pathphys.c,include/filecntl.h,,,file,file,Import,1.0,False,,,libsh,general
231,91,lib/sh/getcwd.c,include/maxpath.h,,,file,file,Import,1.0,False,,,libsh,general
315,105,shell.c,jobs.h,shell_initialize,initialize_job_control,functionimpl,functionproto,Call,1.0,True,2863.0,922.0,general,job_control
315,105,shell.c,jobs.h,,,file,file,Import,1.0,False,,,general,job_control
315,103,shell.c,input.h,set_bash_input,with_input_from_stdin,functionimpl,functionproto,Call,3.0,True,2862.0,764.0,general,general
315,103,shell.c,input.h,set_bash_input,with_input_from_stream,functionimpl,functionproto,Call,3.0,True,2862.0,765.0,general,general
315,103,shell.c,input.h,shell_initialize,initialize_bash_input,functionimpl,functionproto,Call,3.0,True,2863.0,761.0,general,general
315,103,shell.c,input.h,,,file,file,Import,1.0,False,,,general,general
270,268,lib/sh/strtoul.c,lib/sh/strtol.c,,,file,file,Import,1.0,False,,,libsh,libsh
229,19,lib/sh/fnxform.c,bashtypes.h,,,file,file,Import,1.0,False,,,libsh,general
335,19,trap.c,bashtypes.h,,,file,file,Import,1.0,False,,,general,general
229,15,lib/sh/fnxform.c,bashintl.h,,,file,file,Import,1.0,False,,,libsh,general
335,12,trap.c,bashansi.h,,,file,file,Import,1.0,False,,,general,general
181,220,lib/readline/isearch.c,lib/readline/xmalloc.h,,,file,file,Import,1.0,False,,,libreadline,libreadline
163,198,lib/readline/complete.c,lib/readline/rlprivate.h,,,file,file,Import,1.0,False,,,libreadline,libreadline
163,198,lib/readline/complete.c,lib/readline/rlprivate.h,_rl_reset_completion_state,_rl_reset_completion_state,functionimpl,functionproto,Implement,1.0,True,1352.0,1941.0,libreadline,libreadline
335,15,trap.c,bashintl.h,,,file,file,Import,1.0,False,,,general,general
87,99,hashlib.h,include/stdc.h,,,file,file,Import,1.0,False,,,general,general
214,196,lib/readline/undo.c,lib/readline/rldefs.h,,,file,file,Import,1.0,False,,,libreadline,libreadline
298,323,mailcheck.c,subst.h,check_mail,expand_string_to_string,functionimpl,functionproto,Call,1.0,True,2614.0,3108.0,general,general
214,198,lib/readline/undo.c,lib/readline/rlprivate.h,,,file,file,Import,1.0,False,,,libreadline,libreadline
184,194,lib/readline/macro.c,lib/readline/readline.h,,,file,file,Import,1.0,False,,,libreadline,libreadline
184,196,lib/readline/macro.c,lib/readline/rldefs.h,,,file,file,Import,1.0,False,,,libreadline,libreadline
184,198,lib/readline/macro.c,lib/readline/rlprivate.h,,,file,file,Import,1.0,False,,,libreadline,libreadline
184,198,lib/readline/macro.c,lib/readline/rlprivate.h,_rl_next_macro_key,_rl_next_macro_key,functionimpl,functionproto,Implement,4.0,True,1713.0,1930.0,libreadline,libreadline
184,198,lib/readline/macro.c,lib/readline/rlprivate.h,_rl_push_executing_macro,_rl_push_executing_macro,functionimpl,functionproto,Implement,4.0,True,1715.0,1935.0,libreadline,libreadline
184,198,lib/readline/macro.c,lib/readline/rlprivate.h,_rl_pop_executing_macro,_rl_pop_executing_macro,functionimpl,functionproto,Implement,4.0,True,1714.0,1934.0,libreadline,libreadline
184,198,lib/readline/macro.c,lib/readline/rlprivate.h,_rl_kill_kbd_macro,_rl_kill_kbd_macro,functionimpl,functionproto,Implement,4.0,True,1712.0,1929.0,libreadline,libreadline
214,194,lib/readline/undo.c,lib/readline/readline.h,,readline,file,type,Cast,2.0,False,,,libreadline,libreadline
214,194,lib/readline/undo.c,lib/readline/readline.h,rl_free_undo_list,undo_list,functionimpl,type,Cast,2.0,True,2159.0,1872.0,libreadline,libreadline
214,194,lib/readline/undo.c,lib/readline/readline.h,,,file,file,Import,1.0,False,,,libreadline,libreadline
214,194,lib/readline/undo.c,lib/readline/readline.h,alloc_undo_entry,UNDO_LIST,functionproto,alias,Return,3.0,True,2162.0,1866.0,libreadline,libreadline
214,194,lib/readline/undo.c,lib/readline/readline.h,_rl_copy_undo_entry,UNDO_LIST,functionproto,alias,Return,3.0,True,2160.0,1866.0,libreadline,libreadline
214,194,lib/readline/undo.c,lib/readline/readline.h,_rl_copy_undo_list,UNDO_LIST,functionproto,alias,Return,3.0,True,2161.0,1866.0,libreadline,libreadline
214,194,lib/readline/undo.c,lib/readline/readline.h,rl_free_undo_list,undo_list,functionimpl,type,Use,13.0,True,2159.0,1872.0,libreadline,libreadline
214,194,lib/readline/undo.c,lib/readline/readline.h,rl_do_undo,undo_list,functionimpl,type,Use,13.0,True,2157.0,1872.0,libreadline,libreadline
214,194,lib/readline/undo.c,lib/readline/readline.h,,readline,file,type,Contain,8.0,False,,,libreadline,libreadline
214,194,lib/readline/undo.c,lib/readline/readline.h,rl_free_undo_list,undo_list,functionimpl,type,Contain,8.0,True,2159.0,1872.0,libreadline,libreadline
214,194,lib/readline/undo.c,lib/readline/readline.h,rl_do_undo,undo_list,functionimpl,type,Contain,8.0,True,2157.0,1872.0,libreadline,libreadline
120,126,lib/intl/dgettext.c,lib/intl/gettextP.h,,,file,file,Import,1.0,False,,,libintl,libintl
279,12,lib/sh/unicode.c,bashansi.h,,,file,file,Import,1.0,False,,,libsh,general
335,33,trap.c,command.h,run_pending_traps,word_list,functionimpl,type,Use,2.0,True,3385.0,212.0,general,general
335,33,trap.c,command.h,,command,file,type,Contain,2.0,False,,194.0,general,general
335,33,trap.c,command.h,run_pending_traps,word_list,functionimpl,type,Contain,2.0,True,3385.0,212.0,general,general
298,316,mailcheck.c,shell.h,,,file,file,Import,1.0,False,,,general,general
335,39,trap.c,error.h,run_pending_traps,internal_warning,functionimpl,functionproto,Call,2.0,True,3385.0,260.0,general,error_handling
21,97,braces.c,include/shmbutil.h,,,file,file,Import,1.0,False,,,general,general
344,33,y.tab.c,command.h,yyparse,command,functionimpl,type,Cast,38.0,True,3732.0,194.0,general,general
344,33,y.tab.c,command.h,yyparse,word_list,functionimpl,type,Cast,38.0,True,3732.0,212.0,general,general
344,33,y.tab.c,command.h,yyparse,pattern_list,functionimpl,type,Cast,38.0,True,3732.0,205.0,general,general
344,33,y.tab.c,command.h,reset_parser,word_desc,functionimpl,type,Cast,38.0,True,3721.0,211.0,general,general
344,33,y.tab.c,command.h,handle_eof_input_unit,word_list,functionimpl,type,Cast,38.0,True,3715.0,212.0,general,general
344,33,y.tab.c,command.h,yyparse,command,functionimpl,type,Use,139.0,True,3732.0,194.0,general,general
344,33,y.tab.c,command.h,,command,functionimpl,type,Use,139.0,False,,194.0,general,general
344,33,y.tab.c,command.h,yyparse,redirect,functionimpl,type,Use,139.0,True,3732.0,207.0,general,general
344,33,y.tab.c,command.h,yyparse,element,functionimpl,type,Use,139.0,True,3732.0,200.0,general,general
344,33,y.tab.c,command.h,gather_here_documents,redirect,functionimpl,type,Use,139.0,True,3713.0,207.0,general,general
344,33,y.tab.c,command.h,reset_parser,word_desc,functionimpl,type,Use,139.0,True,3721.0,211.0,general,general
344,33,y.tab.c,command.h,,command,file,type,Contain,28.0,False,,194.0,general,general
344,33,y.tab.c,command.h,YYSTYPE,word_desc,type,type,Contain,28.0,True,3741.0,211.0,general,general
344,33,y.tab.c,command.h,YYSTYPE,word_list,type,type,Contain,28.0,True,3741.0,212.0,general,general
344,33,y.tab.c,command.h,YYSTYPE,command,type,type,Contain,28.0,True,3741.0,194.0,general,general
344,33,y.tab.c,command.h,YYSTYPE,redirect,type,type,Contain,28.0,True,3741.0,207.0,general,general
344,33,y.tab.c,command.h,YYSTYPE,element,type,type,Contain,28.0,True,3741.0,200.0,general,general
344,33,y.tab.c,command.h,YYSTYPE,pattern_list,type,type,Contain,28.0,True,3741.0,205.0,general,general
344,33,y.tab.c,command.h,yyparse,redirect,functionimpl,type,Contain,28.0,True,3732.0,207.0,general,general
344,33,y.tab.c,command.h,yyparse,command,functionimpl,type,Contain,28.0,True,3732.0,194.0,general,general
344,33,y.tab.c,command.h,yyparse,element,functionimpl,type,Contain,28.0,True,3732.0,200.0,general,general
344,33,y.tab.c,command.h,,command,functionimpl,type,Contain,28.0,False,,194.0,general,general
108,99,lib/glob/glob.h,include/stdc.h,,,file,file,Import,1.0,False,,,libglob,general
297,77,locale.c,externs.h,set_default_locale,set_default_locale,functionimpl,functionproto,Implement,3.0,True,2595.0,556.0,general,general
297,77,locale.c,externs.h,set_default_locale_vars,set_default_locale_vars,functionimpl,functionproto,Implement,3.0,True,2596.0,557.0,general,general
297,77,locale.c,externs.h,set_default_lang,set_default_lang,functionimpl,functionproto,Implement,3.0,True,2594.0,555.0,general,general
239,97,lib/sh/mbschr.c,include/shmbutil.h,,,file,file,Import,1.0,False,,,libsh,general
76,316,expr.c,shell.h,,,file,file,Import,1.0,False,,,general,general
110,99,lib/glob/gmisc.c,include/stdc.h,,,file,file,Import,1.0,False,,,libglob,general
110,97,lib/glob/gmisc.c,include/shmbutil.h,,,file,file,Import,1.0,False,,,libglob,general
344,39,y.tab.c,error.h,print_offending_line,parser_error,functionimpl,functionproto,Call,1.0,True,3718.0,261.0,general,error_handling
298,340,mailcheck.c,variables.h,time_to_check_mail,get_string_value,functionimpl,functionproto,Call,7.0,True,2621.0,3665.0,general,general
298,340,mailcheck.c,variables.h,remember_mail_dates,get_string_value,functionimpl,functionproto,Call,7.0,True,2618.0,3665.0,general,general
298,340,mailcheck.c,variables.h,check_mail,get_string_value,functionimpl,functionproto,Call,7.0,True,2614.0,3665.0,general,general
298,340,mailcheck.c,variables.h,check_mail,bind_variable,functionimpl,functionproto,Call,7.0,True,2614.0,3654.0,general,general
298,340,mailcheck.c,variables.h,check_mail,unbind_variable,functionimpl,functionproto,Call,7.0,True,2614.0,3689.0,general,general
344,22,y.tab.c,builtins.h,,,file,file,Import,1.0,False,,,general,libbuiltins
344,26,y.tab.c,builtins/common.h,,,file,file,Import,1.0,False,,,general,libbuiltins
237,12,lib/sh/makepath.c,bashansi.h,,,file,file,Import,1.0,False,,,libsh,general
112,343,lib/glob/smatch.c,xmalloc.h,,,file,file,Import,1.0,False,,,libglob,job_control
339,299,variables.c,mailcheck.h,,,file,file,Import,1.0,False,,,general,general
344,15,y.tab.c,bashintl.h,,,file,file,Import,1.0,False,,,general,general
344,12,y.tab.c,bashansi.h,,,file,file,Import,1.0,False,,,general,general
344,19,y.tab.c,bashtypes.h,,,file,file,Import,1.0,False,,,general,general
277,316,lib/sh/uconvert.c,shell.h,,,file,file,Import,1.0,False,,,libsh,general
27,192,builtins/evalfile.c,lib/readline/posixstat.h,,,file,file,Import,1.0,False,,,libbuiltins,libreadline
297,88,locale.c,include/chartypes.h,,,file,file,Import,1.0,False,,,general,general
246,19,lib/sh/pathcanon.c,bashtypes.h,,,file,file,Import,1.0,False,,,libsh,general
318,99,sig.h,include/stdc.h,,,file,file,Import,1.0,False,,,signal_handling,general
221,19,lib/sh/casemod.c,bashtypes.h,,,file,file,Import,1.0,False,,,libsh,general
221,15,lib/sh/casemod.c,bashintl.h,,,file,file,Import,1.0,False,,,libsh,general
221,12,lib/sh/casemod.c,bashansi.h,,,file,file,Import,1.0,False,,,libsh,general
281,99,lib/sh/wcsdup.c,include/stdc.h,,,file,file,Import,1.0,False,,,libsh,general
80,316,flags.c,shell.h,,,file,file,Import,1.0,False,,,general,general
246,12,lib/sh/pathcanon.c,bashansi.h,,,file,file,Import,1.0,False,,,libsh,general
193,196,lib/readline/readline.c,lib/readline/rldefs.h,,,file,file,Import,1.0,False,,,libreadline,libreadline
193,194,lib/readline/readline.c,lib/readline/readline.h,readline_internal_setup,rl_redisplay_function,functionimpl,var,Call,4.0,True,1803.0,1892.0,libreadline,libreadline
193,194,lib/readline/readline.c,lib/readline/readline.h,_rl_internal_char_cleanup,rl_redisplay_function,functionimpl,var,Call,4.0,True,1793.0,1892.0,libreadline,libreadline
193,194,lib/readline/readline.c,lib/readline/readline.h,readline_internal_char,rl_redisplay_function,functionimpl,var,Call,4.0,True,1801.0,1892.0,libreadline,libreadline
193,194,lib/readline/readline.c,lib/readline/readline.h,,,file,file,Import,1.0,False,,,libreadline,libreadline
193,194,lib/readline/readline.c,lib/readline/readline.h,,readline,file,type,Contain,2.0,False,,,libreadline,libreadline
247,12,lib/sh/pathphys.c,bashansi.h,,,file,file,Import,1.0,False,,,libsh,general
193,199,lib/readline/readline.c,lib/readline/rlshell.h,readline_initialize_everything,sh_get_env_value,functionimpl,functionproto,Call,1.0,True,1799.0,2007.0,libreadline,libreadline
193,199,lib/readline/readline.c,lib/readline/rlshell.h,,,file,file,Import,1.0,False,,,libreadline,libreadline
193,198,lib/readline/readline.c,lib/readline/rlprivate.h,readline_internal_setup,_rl_strip_prompt,functionimpl,functionproto,Call,9.0,True,1803.0,1948.0,libreadline,libreadline
193,198,lib/readline/readline.c,lib/readline/rlprivate.h,_rl_internal_char_cleanup,_rl_erase_entire_line,functionimpl,functionproto,Call,9.0,True,1793.0,1918.0,libreadline,libreadline
193,198,lib/readline/readline.c,lib/readline/rlprivate.h,readline_internal_char,_rl_reset_argument,functionimpl,functionproto,Call,9.0,True,1801.0,1940.0,libreadline,libreadline
193,198,lib/readline/readline.c,lib/readline/rlprivate.h,rl_initialize,_rl_start_using_history,functionimpl,functionproto,Call,9.0,True,1805.0,1947.0,libreadline,libreadline
193,198,lib/readline/readline.c,lib/readline/rlprivate.h,rl_initialize,_rl_vi_initialize_line,functionimpl,functionproto,Call,9.0,True,1805.0,1952.0,libreadline,libreadline
193,198,lib/readline/readline.c,lib/readline/rlprivate.h,rl_initialize,_rl_set_insert_mode,functionimpl,functionproto,Call,9.0,True,1805.0,1945.0,libreadline,libreadline
193,198,lib/readline/readline.c,lib/readline/rlprivate.h,readline_initialize_everything,_rl_init_terminal_io,functionimpl,functionproto,Call,9.0,True,1799.0,1923.0,libreadline,libreadline
193,198,lib/readline/readline.c,lib/readline/rlprivate.h,readline_initialize_everything,_rl_init_eightbit,functionimpl,functionproto,Call,9.0,True,1799.0,1921.0,libreadline,libreadline
193,198,lib/readline/readline.c,lib/readline/rlprivate.h,readline_initialize_everything,_rl_enable_meta_key,functionimpl,functionproto,Call,9.0,True,1799.0,1917.0,libreadline,libreadline
193,198,lib/readline/readline.c,lib/readline/rlprivate.h,,,file,file,Import,1.0,False,,,libreadline,libreadline
193,198,lib/readline/readline.c,lib/readline/rlprivate.h,_rl_keyseq_cxt_alloc,_rl_keyseq_cxt,functionimpl,alias,Return,1.0,True,1795.0,1899.0,libreadline,libreadline
193,198,lib/readline/readline.c,lib/readline/rlprivate.h,_rl_keyseq_chain_dispose,_rl_keyseq_cxt,functionimpl,alias,Use,1.0,True,1794.0,1899.0,libreadline,libreadline
193,198,lib/readline/readline.c,lib/readline/rlprivate.h,readline_internal_setup,readline_internal_setup,functionimpl,functionproto,Implement,7.0,True,1803.0,1955.0,libreadline,libreadline
193,198,lib/readline/readline.c,lib/readline/rlprivate.h,_rl_internal_char_cleanup,_rl_internal_char_cleanup,functionimpl,functionproto,Implement,7.0,True,1793.0,1925.0,libreadline,libreadline
193,198,lib/readline/readline.c,lib/readline/rlprivate.h,readline_internal_char,readline_internal_char,functionimpl,functionproto,Implement,7.0,True,1801.0,1954.0,libreadline,libreadline
193,198,lib/readline/readline.c,lib/readline/rlprivate.h,_rl_init_line_state,_rl_init_line_state,functionimpl,functionproto,Implement,7.0,True,1792.0,1922.0,libreadline,libreadline
193,198,lib/readline/readline.c,lib/readline/rlprivate.h,_rl_set_the_line,_rl_set_the_line,functionimpl,functionproto,Implement,7.0,True,1796.0,1946.0,libreadline,libreadline
193,198,lib/readline/readline.c,lib/readline/rlprivate.h,_rl_keyseq_cxt_alloc,_rl_keyseq_cxt_alloc,functionimpl,functionproto,Implement,7.0,True,1795.0,1928.0,libreadline,libreadline
193,198,lib/readline/readline.c,lib/readline/rlprivate.h,_rl_keyseq_chain_dispose,_rl_keyseq_chain_dispose,functionimpl,functionproto,Implement,7.0,True,1794.0,1927.0,libreadline,libreadline
193,197,lib/readline/readline.c,lib/readline/rlmbutil.h,,,file,file,Import,1.0,False,,,libreadline,libreadline
193,192,lib/readline/readline.c,lib/readline/posixstat.h,,,file,file,Import,1.0,False,,,libreadline,libreadline
193,190,lib/readline/readline.c,lib/readline/posixjmp.h,,,file,file,Import,1.0,False,,,libreadline,libreadline
17,316,bashline.c,shell.h,,,file,file,Import,1.0,False,,,general,general
237,295,lib/sh/makepath.c,lib/tilde/tilde.h,,,file,file,Import,1.0,False,,,libsh,libtilde
104,316,jobs.c,shell.h,,,file,file,Import,1.0,False,,,job_control,general
247,19,lib/sh/pathphys.c,bashtypes.h,,,file,file,Import,1.0,False,,,libsh,general
317,19,sig.c,bashtypes.h,,,file,file,Import,1.0,False,,,signal_handling,general
104,312,jobs.c,quit.h,wait_for_background_pids,QUIT,functionimpl,var,Call,1.0,True,803.0,2837.0,job_control,general
104,312,jobs.c,quit.h,wait_for_background_pids,QUIT,functionimpl,var,Use,2.0,True,803.0,2837.0,job_control,general
317,15,sig.c,bashintl.h,,,file,file,Import,1.0,False,,,signal_handling,general
154,155,lib/malloc/table.c,lib/malloc/table.h,,,file,file,Import,1.0,False,,,libmalloc,general
154,155,lib/malloc/table.c,lib/malloc/table.h,find_entry,mr_table_t,functionproto,alias,Return,1.0,True,1246.0,1257.0,libmalloc,general
154,155,lib/malloc/table.c,lib/malloc/table.h,mregister_table_init,mr_table,functionimpl,type,Use,2.0,True,1245.0,1262.0,libmalloc,general
154,155,lib/malloc/table.c,lib/malloc/table.h,mregister_dump_table,mregister_dump_table,functionimpl,functionproto,Implement,2.0,True,1244.0,1260.0,libmalloc,general
154,155,lib/malloc/table.c,lib/malloc/table.h,mregister_table_init,mregister_table_init,functionimpl,functionproto,Implement,2.0,True,1245.0,1261.0,libmalloc,general
154,155,lib/malloc/table.c,lib/malloc/table.h,,table,file,type,Contain,3.0,False,,,libmalloc,general
207,200,lib/readline/shell.c,lib/readline/rlstdc.h,,,file,file,Import,1.0,False,,,libreadline,libreadline
302,88,mksyntax.c,include/chartypes.h,,,file,file,Import,1.0,False,,,general,general
229,99,lib/sh/fnxform.c,include/stdc.h,,,file,file,Import,1.0,False,,,libsh,general
155,148,lib/malloc/table.h,lib/malloc/imalloc.h,,,file,file,Import,1.0,False,,,general,general
221,114,lib/sh/casemod.c,lib/glob/strmatch.h,,,file,file,Import,1.0,False,,,libsh,libglob
17,307,bashline.c,pathexp.h,,,file,file,Import,1.0,False,,,general,general
308,178,pcomplete.c,lib/readline/history.h,,,file,file,Import,1.0,False,,,general,libreadline
317,26,sig.c,builtins/common.h,top_level_cleanup,parse_and_execute_cleanup,functionimpl,functionproto,Call,2.0,True,2940.0,108.0,signal_handling,libbuiltins
317,26,sig.c,builtins/common.h,throw_to_top_level,parse_and_execute_cleanup,functionimpl,functionproto,Call,2.0,True,2939.0,108.0,signal_handling,libbuiltins
317,26,sig.c,builtins/common.h,,,file,file,Import,1.0,False,,,signal_handling,libbuiltins
198,190,lib/readline/rlprivate.h,lib/readline/posixjmp.h,,,file,file,Import,1.0,False,,,libreadline,libreadline
243,192,lib/sh/netconn.c,lib/readline/posixstat.h,,,file,file,Import,1.0,False,,,libsh,libreadline
21,12,braces.c,bashansi.h,,,file,file,Import,1.0,False,,,general,general
193,178,lib/readline/readline.c,lib/readline/history.h,,,file,file,Import,1.0,False,,,libreadline,libreadline
198,195,lib/readline/rlprivate.h,lib/readline/rlconf.h,,,file,file,Import,1.0,False,,,libreadline,libreadline
185,198,lib/readline/mbutil.c,lib/readline/rlprivate.h,,,file,file,Import,1.0,False,,,libreadline,libreadline
210,202,lib/readline/terminal.c,lib/readline/rltty.h,,,file,file,Import,1.0,False,,,libreadline,libreadline
254,19,lib/sh/snprintf.c,bashtypes.h,,,file,file,Import,1.0,False,,,libsh,general
215,220,lib/readline/util.c,lib/readline/xmalloc.h,,,file,file,Import,1.0,False,,,libreadline,libreadline
210,209,lib/readline/terminal.c,lib/readline/tcap.h,rl_crlf,tputs,functionimpl,functionproto,Call,3.0,True,2080.0,2077.0,libreadline,libreadline
210,209,lib/readline/terminal.c,lib/readline/tcap.h,rl_ding,tputs,functionimpl,functionproto,Call,3.0,True,2081.0,2077.0,libreadline,libreadline
210,209,lib/readline/terminal.c,lib/readline/tcap.h,_rl_enable_meta_key,tputs,functionimpl,functionproto,Call,3.0,True,2079.0,2077.0,libreadline,libreadline
210,209,lib/readline/terminal.c,lib/readline/tcap.h,,,file,file,Import,1.0,False,,,libreadline,libreadline
342,15,xmalloc.c,bashintl.h,,,file,file,Import,1.0,False,,,general,general
308,194,pcomplete.c,lib/readline/readline.h,,,file,file,Import,1.0,False,,,general,libreadline
308,195,pcomplete.c,lib/readline/rlconf.h,,,file,file,Import,1.0,False,,,general,libreadline
342,19,xmalloc.c,bashtypes.h,,,file,file,Import,1.0,False,,,general,general
185,196,lib/readline/mbutil.c,lib/readline/rldefs.h,,,file,file,Import,1.0,False,,,libreadline,libreadline
185,197,lib/readline/mbutil.c,lib/readline/rlmbutil.h,,,file,file,Import,1.0,False,,,libreadline,libreadline
185,194,lib/readline/mbutil.c,lib/readline/readline.h,,,file,file,Import,1.0,False,,,libreadline,libreadline
154,148,lib/malloc/table.c,lib/malloc/imalloc.h,,,file,file,Import,1.0,False,,,libmalloc,general
185,190,lib/readline/mbutil.c,lib/readline/posixjmp.h,,,file,file,Import,1.0,False,,,libreadline,libreadline
254,12,lib/sh/snprintf.c,bashansi.h,,,file,file,Import,1.0,False,,,libsh,general
308,192,pcomplete.c,lib/readline/posixstat.h,,,file,file,Import,1.0,False,,,general,libreadline
13,316,bashhist.c,shell.h,,,file,file,Import,1.0,False,,,general,general
239,12,lib/sh/mbschr.c,bashansi.h,,,file,file,Import,1.0,False,,,libsh,general
210,220,lib/readline/terminal.c,lib/readline/xmalloc.h,,,file,file,Import,1.0,False,,,libreadline,libreadline
10,7,assoc.c,array.h,,,file,file,Import,1.0,False,,,general,general
104,340,jobs.c,variables.h,current_working_directory,get_string_value,functionimpl,functionproto,Call,2.0,True,775.0,3665.0,job_control,general
104,340,jobs.c,variables.h,job_working_directory,get_string_value,functionimpl,functionproto,Call,2.0,True,784.0,3665.0,job_control,general
273,316,lib/sh/strtrans.c,shell.h,,,file,file,Import,1.0,False,,,libsh,general
327,12,support/printenv.c,bashansi.h,,,file,file,Import,1.0,False,,,support,general
248,192,lib/sh/rename.c,lib/readline/posixstat.h,,,file,file,Import,1.0,False,,,libsh,libreadline
11,87,assoc.h,hashlib.h,,,file,file,Import,1.0,False,,,general,general
11,87,assoc.h,hashlib.h,assoc_quote,HASH_TABLE,functionproto,alias,Return,5.0,True,36.0,718.0,general,general
11,87,assoc.h,hashlib.h,assoc_quote_escapes,HASH_TABLE,functionproto,alias,Return,5.0,True,37.0,718.0,general,general
11,87,assoc.h,hashlib.h,assoc_dequote,HASH_TABLE,functionproto,alias,Return,5.0,True,34.0,718.0,general,general
11,87,assoc.h,hashlib.h,assoc_dequote_escapes,HASH_TABLE,functionproto,alias,Return,5.0,True,35.0,718.0,general,general
11,87,assoc.h,hashlib.h,assoc_remove_quoted_nulls,HASH_TABLE,functionproto,alias,Return,5.0,True,38.0,718.0,general,general
188,191,lib/readline/parens.c,lib/readline/posixselect.h,,,file,file,Import,1.0,False,,,libreadline,libreadline
212,213,lib/readline/tilde.c,lib/readline/tilde.h,,,file,file,Import,1.0,False,,,libreadline,libreadline
188,194,lib/readline/parens.c,lib/readline/readline.h,,,file,file,Import,1.0,False,,,libreadline,libreadline
297,12,locale.c,bashansi.h,,,file,file,Import,1.0,False,,,general,general
315,114,shell.c,lib/glob/strmatch.h,,,file,file,Import,1.0,False,,,general,libglob
335,81,trap.c,flags.h,,,file,file,Import,1.0,False,,,general,general
297,15,locale.c,bashintl.h,,,file,file,Import,1.0,False,,,general,general
104,336,jobs.c,trap.h,notify_of_job_status,signal_is_trapped,functionimpl,functionproto,Call,1.0,True,789.0,3439.0,job_control,general
104,336,jobs.c,trap.h,,,file,file,Import,1.0,False,,,job_control,general
297,19,locale.c,bashtypes.h,,,file,file,Import,1.0,False,,,general,general
150,148,lib/malloc/mstats.h,lib/malloc/imalloc.h,,,file,file,Import,1.0,False,,,general,general
13,304,bashhist.c,parser.h,,,file,file,Import,1.0,False,,,general,general
13,307,bashhist.c,pathexp.h,,,file,file,Import,1.0,False,,,general,general
207,220,lib/readline/shell.c,lib/readline/xmalloc.h,,,file,file,Import,1.0,False,,,libreadline,libreadline
335,77,trap.c,externs.h,run_exit_trap,reset_parser,functionimpl,functionproto,Call,1.0,True,3383.0,552.0,general,general
188,195,lib/readline/parens.c,lib/readline/rlconf.h,,,file,file,Import,1.0,False,,,libreadline,libreadline
188,198,lib/readline/parens.c,lib/readline/rlprivate.h,,,file,file,Import,1.0,False,,,libreadline,libreadline
231,343,lib/sh/getcwd.c,xmalloc.h,,,file,file,Import,1.0,False,,,libsh,job_control
103,99,input.h,include/stdc.h,,,file,file,Import,1.0,False,,,general,general
107,316,lib/glob/glob.c,shell.h,,,file,file,Import,1.0,False,,,libglob,general
257,88,lib/sh/strcasestr.c,include/chartypes.h,,,file,file,Import,1.0,False,,,libsh,general
244,12,lib/sh/netopen.c,bashansi.h,,,file,file,Import,1.0,False,,,libsh,general
126,127,lib/intl/gettextP.h,lib/intl/gmo.h,,,file,file,Import,1.0,False,,,libintl,libintl
126,127,lib/intl/gettextP.h,lib/intl/gmo.h,SWAP,nls_uint32,functionproto,alias,Return,1.0,True,1033.0,1038.0,libintl,libintl
126,127,lib/intl/gettextP.h,lib/intl/gmo.h,loaded_domain,string_desc,type,type,Contain,2.0,True,1036.0,1041.0,libintl,libintl
261,12,lib/sh/stringlist.c,bashansi.h,,,file,file,Import,1.0,False,,,libsh,general
97,99,include/shmbutil.h,include/stdc.h,,,file,file,Import,1.0,False,,,general,general
244,15,lib/sh/netopen.c,bashintl.h,,,file,file,Import,1.0,False,,,libsh,general
180,220,lib/readline/input.c,lib/readline/xmalloc.h,,,file,file,Import,1.0,False,,,libreadline,libreadline
84,19,hashcmd.c,bashtypes.h,,,file,file,Import,1.0,False,,,general,general
126,131,lib/intl/gettextP.h,lib/intl/loadinfo.h,,,file,file,Import,1.0,False,,,libintl,libintl
126,131,lib/intl/gettextP.h,lib/intl/loadinfo.h,_nl_find_domain,loaded_l10nfile,functionproto,type,Return,1.0,True,1034.0,1060.0,libintl,libintl
257,99,lib/sh/strcasestr.c,include/stdc.h,,,file,file,Import,1.0,False,,,libsh,general
185,220,lib/readline/mbutil.c,lib/readline/xmalloc.h,,,file,file,Import,1.0,False,,,libreadline,libreadline
84,12,hashcmd.c,bashansi.h,,,file,file,Import,1.0,False,,,general,general
97,96,include/shmbutil.h,include/shmbchar.h,,,file,file,Import,1.0,False,,,general,general
254,97,lib/sh/snprintf.c,include/shmbutil.h,,,file,file,Import,1.0,False,,,libsh,general
254,99,lib/sh/snprintf.c,include/stdc.h,,,file,file,Import,1.0,False,,,libsh,general
156,148,lib/malloc/trace.c,lib/malloc/imalloc.h,,,file,file,Import,1.0,False,,,libmalloc,general
17,22,bashline.c,builtins.h,,,file,file,Import,1.0,False,,,general,libbuiltins
210,178,lib/readline/terminal.c,lib/readline/history.h,,,file,file,Import,1.0,False,,,libreadline,libreadline
17,26,bashline.c,builtins/common.h,,,file,file,Import,1.0,False,,,general,libbuiltins
271,268,lib/sh/strtoull.c,lib/sh/strtol.c,,,file,file,Import,1.0,False,,,libsh,libsh
17,19,bashline.c,bashtypes.h,,,file,file,Import,1.0,False,,,general,general
322,75,subst.c,execute_cmd.h,,,file,file,Import,1.0,False,,,general,general
254,88,lib/sh/snprintf.c,include/chartypes.h,,,file,file,Import,1.0,False,,,libsh,general
17,14,bashline.c,bashhist.h,,,file,file,Import,1.0,False,,,general,general
17,12,bashline.c,bashansi.h,,,file,file,Import,1.0,False,,,general,general
17,18,bashline.c,bashline.h,,,file,file,Import,1.0,False,,,general,general
107,343,lib/glob/glob.c,xmalloc.h,,,file,file,Import,1.0,False,,,libglob,job_control
14,99,bashhist.h,include/stdc.h,,,file,file,Import,1.0,False,,,general,general
17,15,bashline.c,bashintl.h,,,file,file,Import,1.0,False,,,general,general
25,192,builtins/common.c,lib/readline/posixstat.h,,,file,file,Import,1.0,False,,,libbuiltins,libreadline
342,39,xmalloc.c,error.h,,,file,file,Import,1.0,False,,,general,error_handling
129,126,lib/intl/intl-compat.c,lib/intl/gettextP.h,,,file,file,Import,1.0,False,,,libintl,libintl
210,194,lib/readline/terminal.c,lib/readline/readline.h,,,file,file,Import,1.0,False,,,libreadline,libreadline
77,99,externs.h,include/stdc.h,,,file,file,Import,1.0,False,,,general,general
210,192,lib/readline/terminal.c,lib/readline/posixstat.h,,,file,file,Import,1.0,False,,,libreadline,libreadline
210,198,lib/readline/terminal.c,lib/readline/rlprivate.h,rl_resize_terminal,_rl_redisplay_after_sigwinch,functionimpl,functionproto,Call,1.0,True,2083.0,1937.0,libreadline,libreadline
210,198,lib/readline/terminal.c,lib/readline/rlprivate.h,,,file,file,Import,1.0,False,,,libreadline,libreadline
210,198,lib/readline/terminal.c,lib/readline/rlprivate.h,_rl_enable_meta_key,_rl_enable_meta_key,functionimpl,functionproto,Implement,1.0,True,2079.0,1917.0,libreadline,libreadline
210,196,lib/readline/terminal.c,lib/readline/rldefs.h,,,file,file,Import,1.0,False,,,libreadline,libreadline
210,199,lib/readline/terminal.c,lib/readline/rlshell.h,,,file,file,Import,1.0,False,,,libreadline,libreadline
322,97,subst.c,include/shmbutil.h,,,file,file,Import,1.0,False,,,general,general
158,148,lib/malloc/watch.h,lib/malloc/imalloc.h,,,file,file,Import,1.0,False,,,general,general
211,194,lib/readline/text.c,lib/readline/readline.h,,,file,file,Import,1.0,False,,,libreadline,libreadline
211,197,lib/readline/text.c,lib/readline/rlmbutil.h,,,file,file,Import,1.0,False,,,libreadline,libreadline
211,196,lib/readline/text.c,lib/readline/rldefs.h,,,file,file,Import,1.0,False,,,libreadline,libreadline
211,199,lib/readline/text.c,lib/readline/rlshell.h,,,file,file,Import,1.0,False,,,libreadline,libreadline
211,198,lib/readline/text.c,lib/readline/rlprivate.h,,,file,file,Import,1.0,False,,,libreadline,libreadline
322,81,subst.c,flags.h,,,file,file,Import,1.0,False,,,general,general
322,83,subst.c,general.h,list_rest_of_args,g_list,functionimpl,type,Cast,1.0,True,3000.0,693.0,general,general
224,99,lib/sh/dprintf.c,include/stdc.h,,,file,file,Import,1.0,False,,,libsh,general
322,89,subst.c,include/filecntl.h,,,file,file,Import,1.0,False,,,general,general
322,88,subst.c,include/chartypes.h,,,file,file,Import,1.0,False,,,general,general
217,178,lib/readline/vi_mode.c,lib/readline/history.h,,,file,file,Import,1.0,False,,,libreadline,libreadline
261,77,lib/sh/stringlist.c,externs.h,strlist_create,STRINGLIST,functionproto,alias,Return,3.0,True,2453.0,531.0,libsh,general
261,77,lib/sh/stringlist.c,externs.h,strlist_merge,STRINGLIST,functionproto,alias,Return,3.0,True,2455.0,531.0,libsh,general
261,77,lib/sh/stringlist.c,externs.h,strlist_from_word_list,STRINGLIST,functionproto,alias,Return,3.0,True,2454.0,531.0,libsh,general
261,77,lib/sh/stringlist.c,externs.h,,externs,file,type,Contain,18.0,False,,,libsh,general
235,316,lib/sh/itos.c,shell.h,,,file,file,Import,1.0,False,,,libsh,general
78,307,findcmd.c,pathexp.h,,,file,file,Import,1.0,False,,,general,general
231,12,lib/sh/getcwd.c,bashansi.h,,,file,file,Import,1.0,False,,,libsh,general
216,194,lib/readline/vi_keymap.c,lib/readline/readline.h,,,file,file,Import,1.0,False,,,libreadline,libreadline
231,19,lib/sh/getcwd.c,bashtypes.h,,,file,file,Import,1.0,False,,,libsh,general
184,220,lib/readline/macro.c,lib/readline/xmalloc.h,,,file,file,Import,1.0,False,,,libreadline,libreadline
27,19,builtins/evalfile.c,bashtypes.h,,,file,file,Import,1.0,False,,,libbuiltins,general
78,316,findcmd.c,shell.h,,,file,file,Import,1.0,False,,,general,general
100,99,include/systimes.h,include/stdc.h,,,file,file,Import,1.0,False,,,general,general
27,22,builtins/evalfile.c,builtins.h,,,file,file,Import,1.0,False,,,libbuiltins,libbuiltins
27,26,builtins/evalfile.c,builtins/common.h,,,file,file,Import,1.0,False,,,libbuiltins,libbuiltins
76,340,expr.c,variables.h,lvalue,variable,type,type,Contain,1.0,True,486.0,3694.0,general,general
82,295,general.c,lib/tilde/tilde.h,,,file,file,Import,1.0,False,,,general,libtilde
27,12,builtins/evalfile.c,bashansi.h,,,file,file,Import,1.0,False,,,libbuiltins,general
251,97,lib/sh/shmbchar.c,include/shmbutil.h,,,file,file,Import,1.0,False,,,libsh,general
27,15,builtins/evalfile.c,bashintl.h,,,file,file,Import,1.0,False,,,libbuiltins,general
251,96,lib/sh/shmbchar.c,include/shmbchar.h,,,file,file,Import,1.0,False,,,libsh,general
121,126,lib/intl/dngettext.c,lib/intl/gettextP.h,,,file,file,Import,1.0,False,,,libintl,libintl
215,190,lib/readline/util.c,lib/readline/posixjmp.h,,,file,file,Import,1.0,False,,,libreadline,libreadline
215,196,lib/readline/util.c,lib/readline/rldefs.h,,,file,file,Import,1.0,False,,,libreadline,libreadline
215,197,lib/readline/util.c,lib/readline/rlmbutil.h,,,file,file,Import,1.0,False,,,libreadline,libreadline
215,194,lib/readline/util.c,lib/readline/readline.h,,,file,file,Import,1.0,False,,,libreadline,libreadline
261,33,lib/sh/stringlist.c,command.h,,command,file,type,Contain,2.0,False,,194.0,libsh,general
215,198,lib/readline/util.c,lib/readline/rlprivate.h,_rl_abort_internal,_rl_reset_argument,functionimpl,functionproto,Call,2.0,True,2178.0,1940.0,libreadline,libreadline
215,198,lib/readline/util.c,lib/readline/rlprivate.h,_rl_abort_internal,_rl_pop_executing_macro,functionimpl,functionproto,Call,2.0,True,2178.0,1934.0,libreadline,libreadline
215,198,lib/readline/util.c,lib/readline/rlprivate.h,,,file,file,Import,1.0,False,,,libreadline,libreadline
215,198,lib/readline/util.c,lib/readline/rlprivate.h,_rl_abort_internal,_rl_abort_internal,functionimpl,functionproto,Implement,1.0,True,2178.0,1902.0,libreadline,libreadline
110,12,lib/glob/gmisc.c,bashansi.h,,,file,file,Import,1.0,False,,,libglob,general
182,220,lib/readline/keymaps.c,lib/readline/xmalloc.h,,,file,file,Import,1.0,False,,,libreadline,libreadline
27,81,builtins/evalfile.c,flags.h,,,file,file,Import,1.0,False,,,libbuiltins,general
110,19,lib/glob/gmisc.c,bashtypes.h,,,file,file,Import,1.0,False,,,libglob,general
182,216,lib/readline/keymaps.c,lib/readline/vi_keymap.c,,,file,file,Import,1.0,False,,,libreadline,libreadline
27,89,builtins/evalfile.c,include/filecntl.h,,,file,file,Import,1.0,False,,,libbuiltins,general
25,105,builtins/common.c,jobs.h,,,file,file,Import,1.0,False,,,libbuiltins,job_control
25,103,builtins/common.c,input.h,,,file,file,Import,1.0,False,,,libbuiltins,general
17,97,bashline.c,include/shmbutil.h,,,file,file,Import,1.0,False,,,general,general
27,75,builtins/evalfile.c,execute_cmd.h,,,file,file,Import,1.0,False,,,libbuiltins,general
274,94,lib/sh/times.c,include/posixtime.h,,,file,file,Import,1.0,False,,,libsh,general
40,336,eval.c,trap.h,reader_loop,signal_is_ignored,functionimpl,functionproto,Call,2.0,True,267.0,3437.0,general,general
40,336,eval.c,trap.h,parse_command,run_pending_traps,functionimpl,functionproto,Call,2.0,True,265.0,3433.0,general,general
40,336,eval.c,trap.h,,,file,file,Import,1.0,False,,,general,general
237,316,lib/sh/makepath.c,shell.h,,,file,file,Import,1.0,False,,,libsh,general
17,88,bashline.c,include/chartypes.h,,,file,file,Import,1.0,False,,,general,general
217,198,lib/readline/vi_mode.c,lib/readline/rlprivate.h,rl_digit_loop1,_rl_arg_overflow,functionimpl,functionproto,Call,2.0,True,2201.0,1907.0,libreadline,libreadline
217,198,lib/readline/vi_mode.c,lib/readline/rlprivate.h,rl_digit_loop1,_rl_arg_getchar,functionimpl,functionproto,Call,2.0,True,2201.0,1905.0,libreadline,libreadline
217,198,lib/readline/vi_mode.c,lib/readline/rlprivate.h,,,file,file,Import,1.0,False,,,libreadline,libreadline
217,198,lib/readline/vi_mode.c,lib/readline/rlprivate.h,_rl_vi_initialize_line,_rl_vi_initialize_line,functionimpl,functionproto,Implement,3.0,True,2198.0,1952.0,libreadline,libreadline
217,198,lib/readline/vi_mode.c,lib/readline/rlprivate.h,_rl_vi_reset_last,_rl_vi_reset_last,functionimpl,functionproto,Implement,3.0,True,2199.0,1953.0,libreadline,libreadline
217,198,lib/readline/vi_mode.c,lib/readline/rlprivate.h,_rl_vi_done_inserting,_rl_vi_done_inserting,functionimpl,functionproto,Implement,3.0,True,2196.0,1951.0,libreadline,libreadline
217,197,lib/readline/vi_mode.c,lib/readline/rlmbutil.h,,,file,file,Import,1.0,False,,,libreadline,libreadline
217,196,lib/readline/vi_mode.c,lib/readline/rldefs.h,,,file,file,Import,1.0,False,,,libreadline,libreadline
217,195,lib/readline/vi_mode.c,lib/readline/rlconf.h,,,file,file,Import,1.0,False,,,libreadline,libreadline
27,103,builtins/evalfile.c,input.h,,,file,file,Import,1.0,False,,,libbuiltins,general
217,194,lib/readline/vi_mode.c,lib/readline/readline.h,,,file,file,Import,1.0,False,,,libreadline,libreadline
217,194,lib/readline/vi_mode.c,lib/readline/readline.h,_rl_vi_done_inserting,undo_list,functionimpl,type,Use,1.0,True,2196.0,1872.0,libreadline,libreadline
217,194,lib/readline/vi_mode.c,lib/readline/readline.h,,readline,file,type,Contain,1.0,False,,,libreadline,libreadline
113,99,lib/glob/strmatch.c,include/stdc.h,,,file,file,Import,1.0,False,,,libglob,general
27,101,builtins/evalfile.c,include/typemax.h,,,file,file,Import,1.0,False,,,libbuiltins,general
27,105,builtins/evalfile.c,jobs.h,,,file,file,Import,1.0,False,,,libbuiltins,job_control
221,88,lib/sh/casemod.c,include/chartypes.h,,,file,file,Import,1.0,False,,,libsh,general
124,131,lib/intl/finddomain.c,lib/intl/loadinfo.h,_nl_find_domain,loaded_l10nfile,functionproto,type,Return,1.0,True,1029.0,1060.0,libintl,libintl
124,131,lib/intl/finddomain.c,lib/intl/loadinfo.h,,loadinfo,file,type,Contain,1.0,False,,,libintl,libintl
17,79,bashline.c,findcmd.h,,,file,file,Import,1.0,False,,,general,general
28,103,builtins/evalstring.c,input.h,,,file,file,Import,1.0,False,,,libbuiltins,general
183,220,lib/readline/kill.c,lib/readline/xmalloc.h,,,file,file,Import,1.0,False,,,libreadline,libreadline
28,105,builtins/evalstring.c,jobs.h,parse_and_execute_cleanup,unfreeze_jobs_list,functionimpl,functionproto,Call,1.0,True,121.0,935.0,libbuiltins,job_control
28,105,builtins/evalstring.c,jobs.h,,,file,file,Import,1.0,False,,,libbuiltins,job_control
20,194,bracecomp.c,lib/readline/readline.h,,,file,file,Import,1.0,False,,,general,libreadline
17,75,bashline.c,execute_cmd.h,,,file,file,Import,1.0,False,,,general,general
281,12,lib/sh/wcsdup.c,bashansi.h,,,file,file,Import,1.0,False,,,libsh,general
123,131,lib/intl/explodename.c,lib/intl/loadinfo.h,,,file,file,Import,1.0,False,,,libintl,libintl
221,99,lib/sh/casemod.c,include/stdc.h,,,file,file,Import,1.0,False,,,libsh,general
284,99,lib/sh/zcatfd.c,include/stdc.h,,,file,file,Import,1.0,False,,,libsh,general
124,126,lib/intl/finddomain.c,lib/intl/gettextP.h,,,file,file,Import,1.0,False,,,libintl,libintl
124,126,lib/intl/finddomain.c,lib/intl/gettextP.h,,gettextP,file,type,Contain,1.0,False,,,libintl,libintl
221,97,lib/sh/casemod.c,include/shmbutil.h,,,file,file,Import,1.0,False,,,libsh,general
40,312,eval.c,quit.h,reader_loop,QUIT,functionimpl,var,Call,2.0,True,267.0,2837.0,general,general
40,312,eval.c,quit.h,read_command,QUIT,functionimpl,var,Call,2.0,True,266.0,2837.0,general,general
40,312,eval.c,quit.h,reader_loop,QUIT,functionimpl,var,Use,4.0,True,267.0,2837.0,general,general
40,312,eval.c,quit.h,read_command,QUIT,functionimpl,var,Use,4.0,True,266.0,2837.0,general,general
40,316,eval.c,shell.h,,,file,file,Import,1.0,False,,,general,general
74,33,execute_cmd.c,command.h,,command,file,type,Cast,3.0,False,,194.0,general,general
74,33,execute_cmd.c,command.h,dispose_exec_redirects,redirect,functionimpl,type,Cast,3.0,True,411.0,207.0,general,general
74,33,execute_cmd.c,command.h,dispose_exec_redirects,redirect,functionimpl,type,Use,1.0,True,411.0,207.0,general,general
74,33,execute_cmd.c,command.h,,command,file,type,Contain,30.0,False,,194.0,general,general
315,89,shell.c,include/filecntl.h,,,file,file,Import,1.0,False,,,general,general
74,39,execute_cmd.c,error.h,async_redirect_stdin,internal_error,functionimpl,functionproto,Call,1.0,True,410.0,259.0,general,error_handling
157,158,lib/malloc/watch.c,lib/malloc/watch.h,,,file,file,Import,1.0,False,,,libmalloc,general
74,37,execute_cmd.c,dispose_cmd.h,dispose_exec_redirects,dispose_redirects,functionimpl,functionproto,Call,1.0,True,411.0,240.0,general,general
245,316,lib/sh/oslib.c,shell.h,,,file,file,Import,1.0,False,,,libsh,general
315,81,shell.c,flags.h,shell_initialize,initialize_flags,functionimpl,functionproto,Call,1.0,True,2863.0,626.0,general,general
315,81,shell.c,flags.h,,,file,file,Import,1.0,False,,,general,general
315,83,shell.c,general.h,shell_initialize,tilde_initialize,functionimpl,functionproto,Call,1.0,True,2863.0,691.0,general,general
315,83,shell.c,general.h,,general,functionimpl,type,Use,2.0,False,,,general,general
315,83,shell.c,general.h,,general,file,type,Contain,1.0,False,,,general,general
74,336,execute_cmd.c,trap.h,,,file,file,Import,1.0,False,,,general,general
315,79,shell.c,findcmd.h,,,file,file,Import,1.0,False,,,general,general
315,75,shell.c,execute_cmd.h,,,file,file,Import,1.0,False,,,general,general
234,12,lib/sh/input_avail.c,bashansi.h,,,file,file,Import,1.0,False,,,libsh,general
315,77,shell.c,externs.h,run_startup_files,isnetconn,functionimpl,functionproto,Call,2.0,True,2861.0,547.0,general,general
315,77,shell.c,externs.h,shell_initialize,gethostname,functionimpl,functionproto,Call,2.0,True,2863.0,542.0,general,general
315,77,shell.c,externs.h,disable_priv_mode,disable_priv_mode,functionimpl,functionproto,Implement,3.0,True,2855.0,534.0,general,general
315,77,shell.c,externs.h,unbind_args,unbind_args,functionimpl,functionproto,Implement,3.0,True,2866.0,570.0,general,general
315,77,shell.c,externs.h,get_current_user_info,get_current_user_info,functionimpl,functionproto,Implement,3.0,True,2856.0,538.0,general,general
74,340,execute_cmd.c,variables.h,initialize_subshell,var_context,functionimpl,type,Use,1.0,True,413.0,3693.0,general,general
74,340,execute_cmd.c,variables.h,,variables,file,type,Contain,5.0,False,,,general,general
152,150,lib/malloc/stats.c,lib/malloc/mstats.h,malloc_stats,malloc_bucket_stats,functionimpl,functionproto,Call,1.0,True,1232.0,1226.0,libmalloc,general
152,150,lib/malloc/stats.c,lib/malloc/mstats.h,,,file,file,Import,1.0,False,,,libmalloc,general
152,150,lib/malloc/stats.c,lib/malloc/mstats.h,malloc_stats,_malstats,functionimpl,type,Return,1.0,True,1232.0,1228.0,libmalloc,general
152,150,lib/malloc/stats.c,lib/malloc/mstats.h,malloc_stats,_malstats,functionimpl,type,Use,9.0,True,1232.0,1228.0,libmalloc,general
152,150,lib/malloc/stats.c,lib/malloc/mstats.h,malloc_stats,bucket_stats,functionimpl,type,Use,9.0,True,1232.0,1229.0,libmalloc,general
152,150,lib/malloc/stats.c,lib/malloc/mstats.h,malloc_stats,malloc_bucket_stats,functionimpl,functionproto,Use,9.0,True,1232.0,1226.0,libmalloc,general
152,150,lib/malloc/stats.c,lib/malloc/mstats.h,malloc_stats,malloc_stats,functionimpl,functionproto,Implement,1.0,True,1232.0,1227.0,libmalloc,general
152,150,lib/malloc/stats.c,lib/malloc/mstats.h,,mstats,file,type,Contain,4.0,False,,,libmalloc,general
152,150,lib/malloc/stats.c,lib/malloc/mstats.h,malloc_stats,_malstats,functionimpl,type,Contain,4.0,True,1232.0,1228.0,libmalloc,general
152,150,lib/malloc/stats.c,lib/malloc/mstats.h,malloc_stats,bucket_stats,functionimpl,type,Contain,4.0,True,1232.0,1229.0,libmalloc,general
229,343,lib/sh/fnxform.c,xmalloc.h,,,file,file,Import,1.0,False,,,libsh,job_control
152,148,lib/malloc/stats.c,lib/malloc/imalloc.h,,,file,file,Import,1.0,False,,,libmalloc,general
74,345,execute_cmd.c,y.tab.h,,,file,file,Import,1.0,False,,,general,general
74,12,execute_cmd.c,bashansi.h,,,file,file,Import,1.0,False,,,general,general
105,95,jobs.h,include/posixwait.h,,,file,file,Import,1.0,False,,,job_control,general
28,314,builtins/evalstring.c,redir.h,,,file,file,Import,1.0,False,,,libbuiltins,general
74,15,execute_cmd.c,bashintl.h,,,file,file,Import,1.0,False,,,general,general
269,268,lib/sh/strtoll.c,lib/sh/strtol.c,,,file,file,Import,1.0,False,,,libsh,libsh
74,19,execute_cmd.c,bashtypes.h,,,file,file,Import,1.0,False,,,general,general
105,99,jobs.h,include/stdc.h,,,file,file,Import,1.0,False,,,job_control,general
6,26,array.c,builtins/common.h,,,file,file,Import,1.0,False,,,general,libbuiltins
40,103,eval.c,input.h,parse_command,execute_variable_command,functionimpl,functionproto,Call,2.0,True,265.0,759.0,general,general
40,103,eval.c,input.h,parse_command,gather_here_documents,functionimpl,functionproto,Call,2.0,True,265.0,760.0,general,general
40,103,eval.c,input.h,,,file,file,Import,1.0,False,,,general,general
40,103,eval.c,input.h,,input,functionimpl,type,Use,1.0,False,,,general,general
112,12,lib/glob/smatch.c,bashansi.h,,,file,file,Import,1.0,False,,,libglob,general
74,22,execute_cmd.c,builtins.h,,,file,file,Import,1.0,False,,,general,libbuiltins
74,26,execute_cmd.c,builtins/common.h,initialize_subshell,reset_shell_options,functionimpl,functionproto,Call,2.0,True,413.0,110.0,general,libbuiltins
74,26,execute_cmd.c,builtins/common.h,initialize_subshell,reset_shopt_options,functionimpl,functionproto,Call,2.0,True,413.0,111.0,general,libbuiltins
74,26,execute_cmd.c,builtins/common.h,,,file,file,Import,1.0,False,,,general,libbuiltins
6,12,array.c,bashansi.h,,,file,file,Import,1.0,False,,,general,general
268,88,lib/sh/strtol.c,include/chartypes.h,,,file,file,Import,1.0,False,,,libsh,general
23,316,builtins/bashgetopt.c,shell.h,,,file,file,Import,1.0,False,,,libbuiltins,general
340,87,variables.h,hashlib.h,,,file,file,Import,1.0,False,,,general,general
340,87,variables.h,hashlib.h,,hashlib,file,type,Contain,4.0,False,,,general,general
340,87,variables.h,hashlib.h,var_context,hash_table,type,type,Contain,4.0,True,3693.0,728.0,general,general
340,87,variables.h,hashlib.h,_value,hash_table,type,type,Contain,4.0,True,3691.0,728.0,general,general
218,220,lib/readline/xfree.c,lib/readline/xmalloc.h,,,file,file,Import,1.0,False,,,libreadline,libreadline
261,316,lib/sh/stringlist.c,shell.h,,,file,file,Import,1.0,False,,,libsh,general
315,33,shell.c,command.h,,command,file,type,Cast,2.0,False,,194.0,general,general
315,33,shell.c,command.h,unbind_args,word_list,functionimpl,type,Cast,2.0,True,2866.0,212.0,general,general
315,33,shell.c,command.h,,command,file,type,Contain,1.0,False,,194.0,general,general
33,99,command.h,include/stdc.h,,,file,file,Import,1.0,False,,,general,general
340,99,variables.h,include/stdc.h,,,file,file,Import,1.0,False,,,general,general
74,307,execute_cmd.c,pathexp.h,,,file,file,Import,1.0,False,,,general,general
315,26,shell.c,builtins/common.h,run_startup_files,maybe_execute_file,functionimpl,functionproto,Call,17.0,True,2861.0,106.0,general,libbuiltins
315,26,shell.c,builtins/common.h,unbind_args,remember_args,functionimpl,functionproto,Call,17.0,True,2866.0,109.0,general,libbuiltins
315,26,shell.c,builtins/common.h,shell_initialize,initialize_shell_builtins,functionimpl,functionproto,Call,17.0,True,2863.0,104.0,general,libbuiltins
315,26,shell.c,builtins/common.h,shell_initialize,initialize_shell_options,functionimpl,functionproto,Call,17.0,True,2863.0,105.0,general,libbuiltins
315,26,shell.c,builtins/common.h,shell_initialize,initialize_bashopts,functionimpl,functionproto,Call,17.0,True,2863.0,103.0,general,libbuiltins
315,26,shell.c,builtins/common.h,run_shopt_alist,shopt_setopt,functionimpl,functionproto,Call,17.0,True,2860.0,116.0,general,libbuiltins
315,26,shell.c,builtins/common.h,,,file,file,Import,1.0,False,,,general,libbuiltins
315,26,shell.c,builtins/common.h,shell_initialize,initialize_shell_options,functionimpl,functionproto,Use,3.0,True,2863.0,105.0,general,libbuiltins
315,26,shell.c,builtins/common.h,shell_initialize,initialize_bashopts,functionimpl,functionproto,Use,3.0,True,2863.0,103.0,general,libbuiltins
315,26,shell.c,builtins/common.h,run_shopt_alist,shopt_setopt,functionimpl,functionproto,Use,3.0,True,2860.0,116.0,general,libbuiltins
315,22,shell.c,builtins.h,,,file,file,Import,1.0,False,,,general,libbuiltins
196,200,lib/readline/rldefs.h,lib/readline/rlstdc.h,,,file,file,Import,1.0,False,,,libreadline,libreadline
74,314,execute_cmd.c,redir.h,,,file,file,Import,1.0,False,,,general,general
306,19,pathexp.c,bashtypes.h,,,file,file,Import,1.0,False,,,general,general
74,316,execute_cmd.c,shell.h,,shell,file,type,Cast,1.0,False,,,general,general
74,316,execute_cmd.c,shell.h,,,file,file,Import,1.0,False,,,general,general
74,316,execute_cmd.c,shell.h,new_fd_bitmap,fd_bitmap,functionproto,type,Return,1.0,True,418.0,2924.0,general,general
74,316,execute_cmd.c,shell.h,,shell,file,type,Contain,12.0,False,,,general,general
306,15,pathexp.c,bashintl.h,,,file,file,Import,1.0,False,,,general,general
294,295,lib/tilde/tilde.c,lib/tilde/tilde.h,,,file,file,Import,1.0,False,,,libtilde,libtilde
83,19,general.h,bashtypes.h,,,file,file,Import,1.0,False,,,general,general
306,12,pathexp.c,bashansi.h,,,file,file,Import,1.0,False,,,general,general
243,89,lib/sh/netconn.c,include/filecntl.h,,,file,file,Import,1.0,False,,,libsh,general
268,99,lib/sh/strtol.c,include/stdc.h,,,file,file,Import,1.0,False,,,libsh,general
315,19,shell.c,bashtypes.h,,,file,file,Import,1.0,False,,,general,general
315,12,shell.c,bashansi.h,,,file,file,Import,1.0,False,,,general,general
157,148,lib/malloc/watch.c,lib/malloc/imalloc.h,,,file,file,Import,1.0,False,,,libmalloc,general
315,15,shell.c,bashintl.h,,,file,file,Import,1.0,False,,,general,general
182,195,lib/readline/keymaps.c,lib/readline/rlconf.h,,,file,file,Import,1.0,False,,,libreadline,libreadline
182,194,lib/readline/keymaps.c,lib/readline/readline.h,,,file,file,Import,1.0,False,,,libreadline,libreadline
313,316,redir.c,shell.h,,,file,file,Import,1.0,False,,,general,general
313,314,redir.c,redir.h,,,file,file,Import,1.0,False,,,general,general
274,100,lib/sh/times.c,include/systimes.h,,,file,file,Import,1.0,False,,,libsh,general
250,12,lib/sh/shmatch.c,bashansi.h,,,file,file,Import,1.0,False,,,libsh,general
277,88,lib/sh/uconvert.c,include/chartypes.h,,,file,file,Import,1.0,False,,,libsh,general
163,220,lib/readline/complete.c,lib/readline/xmalloc.h,,,file,file,Import,1.0,False,,,libreadline,libreadline
322,30,subst.c,builtins/getopt.h,,,file,file,Import,1.0,False,,,general,libbuiltins
322,33,subst.c,command.h,,command,file,type,Cast,5.0,False,,194.0,general,general
322,33,subst.c,command.h,list_rest_of_args,word_list,functionimpl,type,Cast,5.0,True,3000.0,212.0,general,general
322,33,subst.c,command.h,EXPFUNC,WORD_LIST,functionproto,alias,Return,20.0,True,3002.0,183.0,general,general
322,33,subst.c,command.h,call_expand_word_internal,WORD_LIST,functionproto,alias,Return,20.0,True,3003.0,183.0,general,general
322,33,subst.c,command.h,expand_string_internal,WORD_LIST,functionproto,alias,Return,20.0,True,3005.0,183.0,general,general
322,33,subst.c,command.h,expand_string_leave_quoted,WORD_LIST,functionproto,alias,Return,20.0,True,3006.0,183.0,general,general
322,33,subst.c,command.h,expand_string_for_rhs,WORD_LIST,functionproto,alias,Return,20.0,True,3004.0,183.0,general,general
322,33,subst.c,command.h,list_quote_escapes,WORD_LIST,functionproto,alias,Return,20.0,True,3011.0,183.0,general,general
322,33,subst.c,command.h,quote_list,WORD_LIST,functionproto,alias,Return,20.0,True,3017.0,183.0,general,general
322,33,subst.c,command.h,parameter_brace_expand_word,WORD_DESC,functionproto,alias,Return,20.0,True,3016.0,182.0,general,general
322,33,subst.c,command.h,parameter_brace_expand_indir,WORD_DESC,functionproto,alias,Return,20.0,True,3014.0,182.0,general,general
322,33,subst.c,command.h,parameter_brace_expand_rhs,WORD_DESC,functionproto,alias,Return,20.0,True,3015.0,182.0,general,general
322,33,subst.c,command.h,parameter_brace_expand,WORD_DESC,functionproto,alias,Return,20.0,True,3013.0,182.0,general,general
322,33,subst.c,command.h,param_expand,WORD_DESC,functionproto,alias,Return,20.0,True,3012.0,182.0,general,general
322,33,subst.c,command.h,expand_word_internal,WORD_LIST,functionproto,alias,Return,20.0,True,3007.0,183.0,general,general
322,33,subst.c,command.h,word_list_split,WORD_LIST,functionproto,alias,Return,20.0,True,3025.0,183.0,general,general
322,33,subst.c,command.h,separate_out_assignments,WORD_LIST,functionproto,alias,Return,20.0,True,3019.0,183.0,general,general
322,33,subst.c,command.h,glob_expand_word_list,WORD_LIST,functionproto,alias,Return,20.0,True,3010.0,183.0,general,general
322,33,subst.c,command.h,shell_expand_word_list,WORD_LIST,functionproto,alias,Return,20.0,True,3020.0,183.0,general,general
322,33,subst.c,command.h,expand_word_list_internal,WORD_LIST,functionproto,alias,Return,20.0,True,3008.0,183.0,general,general
322,33,subst.c,command.h,list_rest_of_args,WORD_LIST,functionimpl,alias,Return,20.0,True,3000.0,183.0,general,general
322,33,subst.c,command.h,list_rest_of_args,word_list,functionimpl,type,Use,6.0,True,3000.0,212.0,general,general
322,33,subst.c,command.h,number_of_args,word_list,functionimpl,type,Use,6.0,True,3001.0,212.0,general,general
322,33,subst.c,command.h,,command,file,type,Contain,65.0,False,,194.0,general,general
322,33,subst.c,command.h,list_rest_of_args,word_list,functionimpl,type,Contain,65.0,True,3000.0,212.0,general,general
322,33,subst.c,command.h,number_of_args,word_list,functionimpl,type,Contain,65.0,True,3001.0,212.0,general,general
211,178,lib/readline/text.c,lib/readline/history.h,,,file,file,Import,1.0,False,,,libreadline,libreadline
322,26,subst.c,builtins/common.h,,,file,file,Import,1.0,False,,,general,libbuiltins
112,88,lib/glob/smatch.c,include/chartypes.h,,,file,file,Import,1.0,False,,,libglob,general
257,12,lib/sh/strcasestr.c,bashansi.h,,,file,file,Import,1.0,False,,,libsh,general
112,97,lib/glob/smatch.c,include/shmbutil.h,,,file,file,Import,1.0,False,,,libglob,general
333,83,test.c,general.h,unary_operator,legal_number,functionimpl,functionproto,Call,1.0,True,3351.0,688.0,general,general
4,5,alias.c,alias.h,,,file,file,Import,1.0,False,,,general,general
333,89,test.c,include/filecntl.h,,,file,file,Import,1.0,False,,,general,general
24,99,builtins/bashgetopt.h,include/stdc.h,,,file,file,Import,1.0,False,,,libbuiltins,general
6,7,array.c,array.h,,,file,file,Import,1.0,False,,,general,general
74,79,execute_cmd.c,findcmd.h,,,file,file,Import,1.0,False,,,general,general
74,77,execute_cmd.c,externs.h,async_redirect_stdin,dup2,functionimpl,functionproto,Call,3.0,True,410.0,535.0,general,general
74,77,execute_cmd.c,externs.h,async_redirect_stdin,strerror,functionimpl,functionproto,Call,3.0,True,410.0,559.0,general,general
74,77,execute_cmd.c,externs.h,initialize_subshell,unset_bash_input,functionimpl,functionproto,Call,3.0,True,413.0,571.0,general,general
187,198,lib/readline/nls.c,lib/readline/rlprivate.h,,,file,file,Import,1.0,False,,,libreadline,libreadline
187,198,lib/readline/nls.c,lib/readline/rlprivate.h,_rl_init_eightbit,_rl_init_eightbit,functionimpl,functionproto,Implement,1.0,True,1778.0,1921.0,libreadline,libreadline
187,199,lib/readline/nls.c,lib/readline/rlshell.h,,,file,file,Import,1.0,False,,,libreadline,libreadline
187,196,lib/readline/nls.c,lib/readline/rldefs.h,,,file,file,Import,1.0,False,,,libreadline,libreadline
105,320,jobs.h,siglist.h,,,file,file,Import,1.0,False,,,job_control,signal_handling
143,142,lib/intl/plural.c,lib/intl/plural-exp.h,parse_plural_expression,parse_args,functionimpl,type,Cast,2.0,True,1130.0,1128.0,libintl,libintl
143,142,lib/intl/plural.c,lib/intl/plural-exp.h,,,file,file,Import,1.0,False,,,libintl,libintl
143,142,lib/intl/plural.c,lib/intl/plural-exp.h,new_exp,expression,functionproto,type,Return,6.0,True,1132.0,1127.0,libintl,libintl
143,142,lib/intl/plural.c,lib/intl/plural-exp.h,new_exp_0,expression,functionproto,type,Return,6.0,True,1133.0,1127.0,libintl,libintl
143,142,lib/intl/plural.c,lib/intl/plural-exp.h,new_exp_1,expression,functionproto,type,Return,6.0,True,1134.0,1127.0,libintl,libintl
143,142,lib/intl/plural.c,lib/intl/plural-exp.h,new_exp_2,expression,functionproto,type,Return,6.0,True,1135.0,1127.0,libintl,libintl
143,142,lib/intl/plural.c,lib/intl/plural-exp.h,new_exp_3,expression,functionproto,type,Return,6.0,True,1136.0,1127.0,libintl,libintl
143,142,lib/intl/plural.c,lib/intl/plural-exp.h,parse_plural_expression,parse_args,functionimpl,type,Use,12.0,True,1130.0,1128.0,libintl,libintl
143,142,lib/intl/plural.c,lib/intl/plural-exp.h,parse_plural_expression,expression,functionimpl,type,Use,12.0,True,1130.0,1127.0,libintl,libintl
143,142,lib/intl/plural.c,lib/intl/plural-exp.h,parse_plural_expression,parse_plural_expression,functionimpl,functionproto,Implement,1.0,True,1130.0,1124.0,libintl,libintl
143,142,lib/intl/plural.c,lib/intl/plural-exp.h,,plural-exp,file,type,Contain,13.0,False,,,libintl,libintl
143,142,lib/intl/plural.c,lib/intl/plural-exp.h,YYSTYPE,expression,type,type,Contain,13.0,True,1137.0,1127.0,libintl,libintl
74,81,execute_cmd.c,flags.h,initialize_subshell,reset_shell_flags,functionimpl,functionproto,Call,1.0,True,413.0,627.0,general,general
74,81,execute_cmd.c,flags.h,,,file,file,Import,1.0,False,,,general,general
74,85,execute_cmd.c,hashcmd.h,,,file,file,Import,1.0,False,,,general,general
74,89,execute_cmd.c,include/filecntl.h,,,file,file,Import,1.0,False,,,general,general
74,87,execute_cmd.c,hashlib.h,,,file,file,Import,1.0,False,,,general,general
74,88,execute_cmd.c,include/chartypes.h,,,file,file,Import,1.0,False,,,general,general
31,12,builtins/mkbuiltins.c,bashansi.h,,,file,file,Import,1.0,False,,,libbuiltins,general
187,194,lib/readline/nls.c,lib/readline/readline.h,,,file,file,Import,1.0,False,,,libreadline,libreadline
259,316,lib/sh/strerror.c,shell.h,,,file,file,Import,1.0,False,,,libsh,general
340,11,variables.h,assoc.h,,,file,file,Import,1.0,False,,,general,general
74,92,execute_cmd.c,include/memalloc.h,,,file,file,Import,1.0,False,,,general,libbuiltins
74,94,execute_cmd.c,include/posixtime.h,,,file,file,Import,1.0,False,,,general,general
321,108,stringlib.c,lib/glob/glob.h,,,file,file,Import,1.0,False,,,general,libglob
322,19,subst.c,bashtypes.h,,,file,file,Import,1.0,False,,,general,general
322,19,subst.c,bashtypes.h,,,file,var,Use,5.0,False,,,general,general
259,19,lib/sh/strerror.c,bashtypes.h,,,file,file,Import,1.0,False,,,libsh,general
250,77,lib/sh/shmatch.c,externs.h,,,file,file,Import,1.0,False,,,libsh,general
206,220,lib/readline/search.c,lib/readline/xmalloc.h,,,file,file,Import,1.0,False,,,libreadline,libreadline
26,99,builtins/common.h,include/stdc.h,,,file,file,Import,1.0,False,,,libbuiltins,general
277,22,lib/sh/uconvert.c,builtins.h,,,file,file,Import,1.0,False,,,libsh,libbuiltins
275,94,lib/sh/timeval.c,include/posixtime.h,,,file,file,Import,1.0,False,,,libsh,general
322,12,subst.c,bashansi.h,,,file,file,Import,1.0,False,,,general,general
322,15,subst.c,bashintl.h,,,file,file,Import,1.0,False,,,general,general
227,88,lib/sh/fmtulong.c,include/chartypes.h,,,file,file,Import,1.0,False,,,libsh,general
114,99,lib/glob/strmatch.h,include/stdc.h,,,file,file,Import,1.0,False,,,libglob,general
317,105,sig.c,jobs.h,,,file,file,Import,1.0,False,,,signal_handling,job_control
340,34,variables.h,conftypes.h,,,file,file,Import,1.0,False,,,general,general
246,192,lib/sh/pathcanon.c,lib/readline/posixstat.h,,,file,file,Import,1.0,False,,,libsh,libreadline
315,94,shell.c,include/posixtime.h,,,file,file,Import,1.0,False,,,general,general
105,312,jobs.h,quit.h,,,file,file,Import,1.0,False,,,job_control,general
322,340,subst.c,variables.h,,variables,file,type,Contain,4.0,False,,,general,general
227,99,lib/sh/fmtulong.c,include/stdc.h,,,file,file,Import,1.0,False,,,libsh,general
74,75,execute_cmd.c,execute_cmd.h,,,file,file,Import,1.0,False,,,general,general
74,75,execute_cmd.c,execute_cmd.h,executing_line_number,executing_line_number,functionimpl,functionproto,Implement,3.0,True,412.0,453.0,general,general
74,75,execute_cmd.c,execute_cmd.h,dispose_exec_redirects,dispose_exec_redirects,functionimpl,functionproto,Implement,3.0,True,411.0,451.0,general,general
74,75,execute_cmd.c,execute_cmd.h,setup_async_signals,setup_async_signals,functionimpl,functionproto,Implement,3.0,True,414.0,454.0,general,general
118,128,lib/intl/dcigettext.c,lib/intl/hash-string.h,,,file,file,Import,1.0,False,,,libintl,libintl
196,195,lib/readline/rldefs.h,lib/readline/rlconf.h,,,file,file,Import,1.0,False,,,libreadline,libreadline
8,15,arrayfunc.c,bashintl.h,,,file,file,Import,1.0,False,,,general,general
118,122,lib/intl/dcigettext.c,lib/intl/eval-plural.h,,,file,file,Import,1.0,False,,,libintl,libintl
85,87,hashcmd.h,hashlib.h,,,file,file,Import,1.0,False,,,general,general
85,87,hashcmd.h,hashlib.h,,hashlib,file,type,Contain,1.0,False,,,general,general
322,336,subst.c,trap.h,,,file,file,Import,1.0,False,,,general,general
118,126,lib/intl/dcigettext.c,lib/intl/gettextP.h,,,file,file,Import,1.0,False,,,libintl,libintl
118,126,lib/intl/dcigettext.c,lib/intl/gettextP.h,,gettextP,file,type,Contain,2.0,False,,,libintl,libintl
335,103,trap.c,input.h,run_pending_traps,save_token_state,functionimpl,functionproto,Call,2.0,True,3385.0,763.0,general,general
335,103,trap.c,input.h,run_pending_traps,restore_token_state,functionimpl,functionproto,Call,2.0,True,3385.0,762.0,general,general
335,103,trap.c,input.h,,,file,file,Import,1.0,False,,,general,general
335,105,trap.c,jobs.h,run_pending_traps,getpid,functionimpl,functionproto,Call,1.0,True,3385.0,918.0,general,job_control
335,105,trap.c,jobs.h,,,file,file,Import,1.0,False,,,general,job_control
193,220,lib/readline/readline.c,lib/readline/xmalloc.h,,,file,file,Import,1.0,False,,,libreadline,libreadline
282,12,lib/sh/wcswidth.c,bashansi.h,,,file,file,Import,1.0,False,,,libsh,general
277,19,lib/sh/uconvert.c,bashtypes.h,,,file,file,Import,1.0,False,,,libsh,general
8,26,arrayfunc.c,builtins/common.h,,,file,file,Import,1.0,False,,,general,libbuiltins
322,323,subst.c,subst.h,list_rest_of_args,list_rest_of_args,functionimpl,functionproto,Implement,3.0,True,3000.0,3110.0,general,general
322,323,subst.c,subst.h,number_of_args,number_of_args,functionimpl,functionproto,Implement,3.0,True,3001.0,3111.0,general,general
322,323,subst.c,subst.h,getifs,getifs,functionimpl,functionproto,Implement,3.0,True,2999.0,3109.0,general,general
85,99,hashcmd.h,include/stdc.h,,,file,file,Import,1.0,False,,,general,general
297,103,locale.c,input.h,,,file,file,Import,1.0,False,,,general,general
102,312,input.c,quit.h,,,file,file,Import,1.0,False,,,general,general
308,75,pcomplete.c,execute_cmd.h,,,file,file,Import,1.0,False,,,general,general
308,108,pcomplete.c,lib/glob/glob.h,,,file,file,Import,1.0,False,,,general,libglob
317,77,sig.c,externs.h,throw_to_top_level,reset_parser,functionimpl,functionproto,Call,1.0,True,2939.0,552.0,signal_handling,general
322,316,subst.c,shell.h,,,file,file,Import,1.0,False,,,general,general
322,316,subst.c,shell.h,,shell,file,type,Contain,1.0,False,,,general,general
164,178,lib/readline/display.c,lib/readline/history.h,,,file,file,Import,1.0,False,,,libreadline,libreadline
255,189,lib/sh/spell.c,lib/readline/posixdir.h,,,file,file,Import,1.0,False,,,libsh,libreadline
286,83,lib/sh/zmapfd.c,general.h,,,file,file,Import,1.0,False,,,libsh,general
308,114,pcomplete.c,lib/glob/strmatch.h,,,file,file,Import,1.0,False,,,general,libglob
81,99,flags.h,include/stdc.h,,,file,file,Import,1.0,False,,,general,general
322,304,subst.c,parser.h,,,file,file,Import,1.0,False,,,general,general
255,192,lib/sh/spell.c,lib/readline/posixstat.h,,,file,file,Import,1.0,False,,,libsh,libreadline
273,12,lib/sh/strtrans.c,bashansi.h,,,file,file,Import,1.0,False,,,libsh,general
322,307,subst.c,pathexp.h,,,file,file,Import,1.0,False,,,general,general
322,301,subst.c,make_cmd.h,list_rest_of_args,make_word_list,functionimpl,functionproto,Call,4.0,True,3000.0,2728.0,general,general
322,301,subst.c,make_cmd.h,list_rest_of_args,make_bare_word,functionimpl,functionproto,Call,4.0,True,3000.0,2713.0,general,general
301,99,make_cmd.h,include/stdc.h,,,file,file,Import,1.0,False,,,general,general
35,33,copy_cmd.c,command.h,copy_case_clause,PATTERN_LIST,functionproto,alias,Return,18.0,True,216.0,177.0,general,general
35,33,copy_cmd.c,command.h,copy_case_clauses,PATTERN_LIST,functionproto,alias,Return,18.0,True,217.0,177.0,general,general
35,33,copy_cmd.c,command.h,copy_for_command,FOR_COM,functionproto,alias,Return,18.0,True,221.0,173.0,general,general
35,33,copy_cmd.c,command.h,copy_group_command,GROUP_COM,functionproto,alias,Return,18.0,True,223.0,175.0,general,general
35,33,copy_cmd.c,command.h,copy_subshell_command,SUBSHELL_COM,functionproto,alias,Return,18.0,True,227.0,180.0,general,general
35,33,copy_cmd.c,command.h,copy_coproc_command,COPROC_COM,functionproto,alias,Return,18.0,True,220.0,172.0,general,general
35,33,copy_cmd.c,command.h,copy_case_command,CASE_COM,functionproto,alias,Return,18.0,True,218.0,170.0,general,general
35,33,copy_cmd.c,command.h,copy_while_command,WHILE_COM,functionproto,alias,Return,18.0,True,228.0,181.0,general,general
35,33,copy_cmd.c,command.h,copy_if_command,IF_COM,functionproto,alias,Return,18.0,True,224.0,176.0,general,general
35,33,copy_cmd.c,command.h,copy_simple_command,SIMPLE_COM,functionproto,alias,Return,18.0,True,226.0,179.0,general,general
35,33,copy_cmd.c,command.h,copy_word,WORD_DESC,functionproto,alias,Return,18.0,True,229.0,182.0,general,general
35,33,copy_cmd.c,command.h,copy_word_list,WORD_LIST,functionproto,alias,Return,18.0,True,230.0,183.0,general,general
35,33,copy_cmd.c,command.h,copy_redirect,REDIRECT,functionproto,alias,Return,18.0,True,225.0,178.0,general,general
35,33,copy_cmd.c,command.h,copy_function_def_contents,FUNCTION_DEF,functionproto,alias,Return,18.0,True,222.0,174.0,general,general
35,33,copy_cmd.c,command.h,copy_command,COMMAND,functionproto,alias,Return,18.0,True,219.0,171.0,general,general
35,33,copy_cmd.c,command.h,,command,file,type,Contain,27.0,False,,194.0,general,general
337,318,unwind_prot.c,sig.h,,,file,file,Import,1.0,False,,,general,signal_handling
31,89,builtins/mkbuiltins.c,include/filecntl.h,,,file,file,Import,1.0,False,,,libbuiltins,general
303,105,nojobs.c,jobs.h,,,file,file,Import,1.0,False,,,job_control,job_control
303,105,nojobs.c,jobs.h,,,file,var,Use,5.0,False,,,job_control,job_control
303,105,nojobs.c,jobs.h,alloc_pid_list,NO_PID,functionimpl,var,Use,5.0,True,2743.0,944.0,job_control,job_control
303,105,nojobs.c,jobs.h,find_proc_slot,NO_PID,functionimpl,var,Use,5.0,True,2747.0,944.0,job_control,job_control
303,105,nojobs.c,jobs.h,cleanup_dead_jobs,NO_PID,functionimpl,var,Use,5.0,True,2744.0,944.0,job_control,job_control
303,105,nojobs.c,jobs.h,reap_dead_jobs,reap_dead_jobs,functionimpl,functionproto,Implement,11.0,True,2751.0,927.0,job_control,job_control
303,105,nojobs.c,jobs.h,initialize_job_signals,initialize_job_signals,functionimpl,functionproto,Implement,11.0,True,2750.0,923.0,job_control,job_control
303,105,nojobs.c,jobs.h,ignore_tty_job_signals,ignore_tty_job_signals,functionimpl,functionproto,Implement,11.0,True,2749.0,920.0,job_control,job_control
303,105,nojobs.c,jobs.h,default_tty_job_signals,default_tty_job_signals,functionimpl,functionproto,Implement,11.0,True,2746.0,914.0,job_control,job_control
303,105,nojobs.c,jobs.h,wait_for_background_pids,wait_for_background_pids,functionimpl,functionproto,Implement,11.0,True,2757.0,936.0,job_control,job_control
303,105,nojobs.c,jobs.h,set_tty_state,set_tty_state,functionimpl,functionproto,Implement,11.0,True,2753.0,930.0,job_control,job_control
303,105,nojobs.c,jobs.h,start_pipeline,start_pipeline,functionimpl,functionproto,Implement,11.0,True,2754.0,931.0,job_control,job_control
303,105,nojobs.c,jobs.h,stop_making_children,stop_making_children,functionimpl,functionproto,Implement,11.0,True,2755.0,932.0,job_control,job_control
303,105,nojobs.c,jobs.h,freeze_jobs_list,freeze_jobs_list,functionimpl,functionproto,Implement,11.0,True,2748.0,916.0,job_control,job_control
303,105,nojobs.c,jobs.h,unfreeze_jobs_list,unfreeze_jobs_list,functionimpl,functionproto,Implement,11.0,True,2756.0,935.0,job_control,job_control
303,105,nojobs.c,jobs.h,count_all_jobs,count_all_jobs,functionimpl,functionproto,Implement,11.0,True,2745.0,913.0,job_control,job_control
337,312,unwind_prot.c,quit.h,,,file,file,Import,1.0,False,,,general,general
198,200,lib/readline/rlprivate.h,lib/readline/rlstdc.h,,,file,file,Import,1.0,False,,,libreadline,libreadline
38,103,error.c,input.h,,,file,file,Import,1.0,False,,,error_handling,general
344,299,y.tab.c,mailcheck.h,,,file,file,Import,1.0,False,,,general,general
31,99,builtins/mkbuiltins.c,include/stdc.h,,,file,file,Import,1.0,False,,,libbuiltins,general
17,108,bashline.c,lib/glob/glob.h,,,file,file,Import,1.0,False,,,general,libglob
324,12,support/bashversion.c,bashansi.h,,,file,file,Import,1.0,False,,,support,general
82,192,general.c,lib/readline/posixstat.h,,,file,file,Import,1.0,False,,,general,libreadline
207,199,lib/readline/shell.c,lib/readline/rlshell.h,,,file,file,Import,1.0,False,,,libreadline,libreadline
207,199,lib/readline/shell.c,lib/readline/rlshell.h,sh_get_home_dir,sh_get_home_dir,functionimpl,functionproto,Implement,1.0,True,2044.0,2008.0,libreadline,libreadline
201,202,lib/readline/rltty.c,lib/readline/rltty.h,,,file,file,Import,1.0,False,,,libreadline,libreadline
201,202,lib/readline/rltty.c,lib/readline/rltty.h,,rltty,file,type,Contain,2.0,False,,,libreadline,libreadline
31,192,builtins/mkbuiltins.c,lib/readline/posixstat.h,,,file,file,Import,1.0,False,,,libbuiltins,libreadline
236,12,lib/sh/mailstat.c,bashansi.h,,,file,file,Import,1.0,False,,,libsh,general
17,103,bashline.c,input.h,,,file,file,Import,1.0,False,,,general,general
84,192,hashcmd.c,lib/readline/posixstat.h,,,file,file,Import,1.0,False,,,general,libreadline
236,19,lib/sh/mailstat.c,bashtypes.h,,,file,file,Import,1.0,False,,,libsh,general
227,12,lib/sh/fmtulong.c,bashansi.h,,,file,file,Import,1.0,False,,,libsh,general
333,114,test.c,lib/glob/strmatch.h,,,file,file,Import,1.0,False,,,general,libglob
324,34,support/bashversion.c,conftypes.h,,,file,file,Import,1.0,False,,,support,general
227,15,lib/sh/fmtulong.c,bashintl.h,,,file,file,Import,1.0,False,,,libsh,general
113,114,lib/glob/strmatch.c,lib/glob/strmatch.h,,,file,file,Import,1.0,False,,,libglob,libglob
35,19,copy_cmd.c,bashtypes.h,,,file,file,Import,1.0,False,,,general,general
22,83,builtins.h,general.h,,,file,file,Import,1.0,False,,,libbuiltins,general
74,295,execute_cmd.c,lib/tilde/tilde.h,,,file,file,Import,1.0,False,,,general,libtilde
339,307,variables.c,pathexp.h,,,file,file,Import,1.0,False,,,general,general
306,307,pathexp.c,pathexp.h,,pathexp,file,type,Cast,1.0,False,,,general,general
306,307,pathexp.c,pathexp.h,,,file,file,Import,1.0,False,,,general,general
306,307,pathexp.c,pathexp.h,should_ignore_glob_matches,ignorevar,functionimpl,type,Use,1.0,True,2788.0,2795.0,general,general
306,307,pathexp.c,pathexp.h,,pathexp,file,type,Contain,2.0,False,,,general,general
8,97,arrayfunc.c,include/shmbutil.h,,,file,file,Import,1.0,False,,,general,general
282,99,lib/sh/wcswidth.c,include/stdc.h,,,file,file,Import,1.0,False,,,libsh,general
180,194,lib/readline/input.c,lib/readline/readline.h,,,file,file,Import,1.0,False,,,libreadline,libreadline
180,191,lib/readline/input.c,lib/readline/posixselect.h,,,file,file,Import,1.0,False,,,libreadline,libreadline
180,199,lib/readline/input.c,lib/readline/rlshell.h,,,file,file,Import,1.0,False,,,libreadline,libreadline
180,198,lib/readline/input.c,lib/readline/rlprivate.h,rl_read_key,_rl_next_macro_key,functionimpl,functionproto,Call,1.0,True,1656.0,1930.0,libreadline,libreadline
180,198,lib/readline/input.c,lib/readline/rlprivate.h,,,file,file,Import,1.0,False,,,libreadline,libreadline
180,198,lib/readline/input.c,lib/readline/rlprivate.h,_rl_any_typein,_rl_any_typein,functionimpl,functionproto,Implement,3.0,True,1650.0,1903.0,libreadline,libreadline
180,198,lib/readline/input.c,lib/readline/rlprivate.h,_rl_pushed_input_available,_rl_pushed_input_available,functionimpl,functionproto,Implement,3.0,True,1652.0,1936.0,libreadline,libreadline
180,198,lib/readline/input.c,lib/readline/rlprivate.h,_rl_input_available,_rl_input_available,functionimpl,functionproto,Implement,3.0,True,1651.0,1924.0,libreadline,libreadline
180,197,lib/readline/input.c,lib/readline/rlmbutil.h,,,file,file,Import,1.0,False,,,libreadline,libreadline
180,196,lib/readline/input.c,lib/readline/rldefs.h,,,file,file,Import,1.0,False,,,libreadline,libreadline
306,316,pathexp.c,shell.h,,,file,file,Import,1.0,False,,,general,general
337,338,unwind_prot.c,unwind_prot.h,,,file,file,Import,1.0,False,,,general,general
266,12,lib/sh/strtod.c,bashansi.h,,,file,file,Import,1.0,False,,,libsh,general
339,323,variables.c,subst.h,push_dollar_vars,list_rest_of_args,functionimpl,functionproto,Call,1.0,True,3490.0,3110.0,general,general
182,165,lib/readline/keymaps.c,lib/readline/emacs_keymap.c,,,file,file,Import,1.0,False,,,libreadline,libreadline
161,195,lib/readline/callback.c,lib/readline/rlconf.h,,,file,file,Import,1.0,False,,,libreadline,libreadline
161,194,lib/readline/callback.c,lib/readline/readline.h,rl_callback_read_char,rl_redisplay_function,functionimpl,var,Call,4.0,True,1325.0,1892.0,libreadline,libreadline
161,194,lib/readline/callback.c,lib/readline/readline.h,rl_callback_read_char,rl_deprep_term_function,functionimpl,var,Call,4.0,True,1325.0,1875.0,libreadline,libreadline
161,194,lib/readline/callback.c,lib/readline/readline.h,rl_callback_handler_remove,rl_deprep_term_function,functionimpl,var,Call,4.0,True,1324.0,1875.0,libreadline,libreadline
161,194,lib/readline/callback.c,lib/readline/readline.h,,,file,file,Import,1.0,False,,,libreadline,libreadline
161,198,lib/readline/callback.c,lib/readline/rlprivate.h,_rl_callback_newline,readline_internal_setup,functionimpl,functionproto,Call,15.0,True,1323.0,1955.0,libreadline,libreadline
161,198,lib/readline/callback.c,lib/readline/rlprivate.h,rl_callback_read_char,_rl_errmsg,functionimpl,functionproto,Call,15.0,True,1325.0,1919.0,libreadline,libreadline
161,198,lib/readline/callback.c,lib/readline/rlprivate.h,rl_callback_read_char,_rl_isearch_callback,functionimpl,functionproto,Call,15.0,True,1325.0,1926.0,libreadline,libreadline
161,198,lib/readline/callback.c,lib/readline/rlprivate.h,rl_callback_read_char,_rl_nsearch_callback,functionimpl,functionproto,Call,15.0,True,1325.0,1931.0,libreadline,libreadline
161,198,lib/readline/callback.c,lib/readline/rlprivate.h,rl_callback_read_char,_rl_vi_domove_callback,functionimpl,functionproto,Call,15.0,True,1325.0,1950.0,libreadline,libreadline
161,198,lib/readline/callback.c,lib/readline/rlprivate.h,rl_callback_read_char,_rl_arg_callback,functionimpl,functionproto,Call,15.0,True,1325.0,1904.0,libreadline,libreadline
161,198,lib/readline/callback.c,lib/readline/rlprivate.h,rl_callback_read_char,_rl_internal_char_cleanup,functionimpl,functionproto,Call,15.0,True,1325.0,1925.0,libreadline,libreadline
161,198,lib/readline/callback.c,lib/readline/rlprivate.h,rl_callback_read_char,_rl_dispatch_callback,functionimpl,functionproto,Call,15.0,True,1325.0,1916.0,libreadline,libreadline
161,198,lib/readline/callback.c,lib/readline/rlprivate.h,rl_callback_read_char,readline_internal_char,functionimpl,functionproto,Call,15.0,True,1325.0,1954.0,libreadline,libreadline
161,198,lib/readline/callback.c,lib/readline/rlprivate.h,rl_callback_read_char,readline_internal_teardown,functionimpl,functionproto,Call,15.0,True,1325.0,1956.0,libreadline,libreadline
161,198,lib/readline/callback.c,lib/readline/rlprivate.h,rl_callback_read_char,_rl_init_line_state,functionimpl,functionproto,Call,15.0,True,1325.0,1922.0,libreadline,libreadline
161,198,lib/readline/callback.c,lib/readline/rlprivate.h,rl_callback_read_char,_rl_pushed_input_available,functionimpl,functionproto,Call,15.0,True,1325.0,1936.0,libreadline,libreadline
161,198,lib/readline/callback.c,lib/readline/rlprivate.h,,,file,file,Import,1.0,False,,,libreadline,libreadline
161,198,lib/readline/callback.c,lib/readline/rlprivate.h,_rl_callback_data_alloc,_rl_callback_generic_arg,functionproto,alias,Return,1.0,True,1326.0,1898.0,libreadline,libreadline
161,196,lib/readline/callback.c,lib/readline/rldefs.h,,,file,file,Import,1.0,False,,,libreadline,libreadline
247,316,lib/sh/pathphys.c,shell.h,,,file,file,Import,1.0,False,,,libsh,general
29,30,builtins/getopt.c,builtins/getopt.h,,,file,file,Import,1.0,False,,,libbuiltins,libbuiltins
32,318,builtins/psize.c,sig.h,,,file,file,Import,1.0,False,,,libbuiltins,signal_handling
279,99,lib/sh/unicode.c,include/stdc.h,,,file,file,Import,1.0,False,,,libsh,general
339,316,variables.c,shell.h,,,file,file,Import,1.0,False,,,general,general
339,316,variables.c,shell.h,sh_get_home_dir,user_info,functionimpl,type,Use,10.0,True,3498.0,2925.0,general,general
339,316,variables.c,shell.h,set_shell_var,user_info,functionimpl,type,Use,10.0,True,3497.0,2925.0,general,general
339,316,variables.c,shell.h,get_bash_name,user_info,functionimpl,type,Use,10.0,True,3474.0,2925.0,general,general
339,316,variables.c,shell.h,uidset,user_info,functionimpl,type,Use,10.0,True,3499.0,2925.0,general,general
15,90,bashintl.h,include/gettext.h,,,file,file,Import,1.0,False,,,general,general
308,12,pcomplete.c,bashansi.h,,,file,file,Import,1.0,False,,,general,general
308,15,pcomplete.c,bashintl.h,,,file,file,Import,1.0,False,,,general,general
225,192,lib/sh/eaccess.c,lib/readline/posixstat.h,,,file,file,Import,1.0,False,,,libsh,libreadline
333,192,test.c,lib/readline/posixstat.h,,,file,file,Import,1.0,False,,,general,libreadline
286,12,lib/sh/zmapfd.c,bashansi.h,,,file,file,Import,1.0,False,,,libsh,general
339,340,variables.c,variables.h,,variables,file,type,Cast,6.0,False,,,general,general
339,340,variables.c,variables.h,initialize_dynamic_variables,variable,functionimpl,type,Cast,6.0,True,3478.0,3694.0,general,general
339,340,variables.c,variables.h,all_local_variables,variable,functionimpl,type,Cast,6.0,True,3465.0,3694.0,general,general
339,340,variables.c,variables.h,pop_var_context,var_context,functionimpl,type,Cast,6.0,True,3489.0,3693.0,general,general
339,340,variables.c,variables.h,null_assign,SHELL_VAR,functionproto,alias,Return,50.0,True,3542.0,3641.0,general,general
339,340,variables.c,variables.h,get_self,SHELL_VAR,functionproto,alias,Return,50.0,True,3528.0,3641.0,general,general
339,340,variables.c,variables.h,assign_seconds,SHELL_VAR,functionproto,alias,Return,50.0,True,3504.0,3641.0,general,general
339,340,variables.c,variables.h,get_seconds,SHELL_VAR,functionproto,alias,Return,50.0,True,3527.0,3641.0,general,general
339,340,variables.c,variables.h,init_seconds_var,SHELL_VAR,functionproto,alias,Return,50.0,True,3533.0,3641.0,general,general
339,340,variables.c,variables.h,assign_random,SHELL_VAR,functionproto,alias,Return,50.0,True,3503.0,3641.0,general,general
339,340,variables.c,variables.h,get_random,SHELL_VAR,functionproto,alias,Return,50.0,True,3526.0,3641.0,general,general
339,340,variables.c,variables.h,assign_lineno,SHELL_VAR,functionproto,alias,Return,50.0,True,3502.0,3641.0,general,general
339,340,variables.c,variables.h,get_lineno,SHELL_VAR,functionproto,alias,Return,50.0,True,3525.0,3641.0,general,general
339,340,variables.c,variables.h,assign_subshell,SHELL_VAR,functionproto,alias,Return,50.0,True,3505.0,3641.0,general,general
339,340,variables.c,variables.h,get_subshell,SHELL_VAR,functionproto,alias,Return,50.0,True,3530.0,3641.0,general,general
339,340,variables.c,variables.h,get_bashpid,SHELL_VAR,functionproto,alias,Return,50.0,True,3523.0,3641.0,general,general
339,340,variables.c,variables.h,get_funcname,SHELL_VAR,functionproto,alias,Return,50.0,True,3524.0,3641.0,general,general
339,340,variables.c,variables.h,init_funcname_var,SHELL_VAR,functionproto,alias,Return,50.0,True,3532.0,3641.0,general,general
339,340,variables.c,variables.h,hash_lookup,SHELL_VAR,functionproto,alias,Return,50.0,True,3531.0,3641.0,general,general
339,340,variables.c,variables.h,new_shell_variable,SHELL_VAR,functionproto,alias,Return,50.0,True,3541.0,3641.0,general,general
339,340,variables.c,variables.h,make_new_variable,SHELL_VAR,functionproto,alias,Return,50.0,True,3537.0,3641.0,general,general
339,340,variables.c,variables.h,bind_variable_internal,SHELL_VAR,functionproto,alias,Return,50.0,True,3510.0,3641.0,general,general
339,340,variables.c,variables.h,vlist_alloc,VARLIST,functionproto,alias,Return,50.0,True,3567.0,3642.0,general,general
339,340,variables.c,variables.h,vlist_realloc,VARLIST,functionproto,alias,Return,50.0,True,3568.0,3642.0,general,general
339,340,variables.c,variables.h,vapply,SHELL_VAR,functionproto,alias,Return,50.0,True,3565.0,3641.0,general,general
339,340,variables.c,variables.h,fapply,SHELL_VAR,functionproto,alias,Return,50.0,True,3514.0,3641.0,general,general
339,340,variables.c,variables.h,bind_tempenv_variable,SHELL_VAR,functionproto,alias,Return,50.0,True,3508.0,3641.0,general,general
339,340,variables.c,variables.h,init_seconds_var,SHELL_VAR,functionimpl,alias,Return,50.0,True,3477.0,3641.0,general,general
339,340,variables.c,variables.h,init_funcname_var,SHELL_VAR,functionimpl,alias,Return,50.0,True,3476.0,3641.0,general,general
339,340,variables.c,variables.h,var_lookup,SHELL_VAR,functionproto,alias,Return,50.0,True,3566.0,3641.0,general,general
339,340,variables.c,variables.h,find_variable_internal,SHELL_VAR,functionproto,alias,Return,50.0,True,3521.0,3641.0,general,general
339,340,variables.c,variables.h,find_global_variable,SHELL_VAR,functionproto,alias,Return,50.0,True,3517.0,3641.0,general,general
339,340,variables.c,variables.h,find_variable,SHELL_VAR,functionproto,alias,Return,50.0,True,3520.0,3641.0,general,general
339,340,variables.c,variables.h,find_function,SHELL_VAR,functionproto,alias,Return,50.0,True,3515.0,3641.0,general,general
339,340,variables.c,variables.h,make_local_variable,SHELL_VAR,functionproto,alias,Return,50.0,True,3536.0,3641.0,general,general
339,340,variables.c,variables.h,bind_variable,SHELL_VAR,functionproto,alias,Return,50.0,True,3509.0,3641.0,general,general
339,340,variables.c,variables.h,bind_int_variable,SHELL_VAR,functionproto,alias,Return,50.0,True,3507.0,3641.0,general,general
339,340,variables.c,variables.h,bind_function,SHELL_VAR,functionproto,alias,Return,50.0,True,3506.0,3641.0,general,general
339,340,variables.c,variables.h,all_shell_variables,SHELL_VAR,functionimpl,alias,Return,50.0,True,3467.0,3641.0,general,general
339,340,variables.c,variables.h,all_shell_functions,SHELL_VAR,functionimpl,alias,Return,50.0,True,3466.0,3641.0,general,general
339,340,variables.c,variables.h,all_visible_functions,SHELL_VAR,functionimpl,alias,Return,50.0,True,3468.0,3641.0,general,general
339,340,variables.c,variables.h,all_visible_variables,SHELL_VAR,functionimpl,alias,Return,50.0,True,3469.0,3641.0,general,general
339,340,variables.c,variables.h,all_exported_variables,SHELL_VAR,functionimpl,alias,Return,50.0,True,3464.0,3641.0,general,general
339,340,variables.c,variables.h,local_exported_variables,SHELL_VAR,functionimpl,alias,Return,50.0,True,3481.0,3641.0,general,general
339,340,variables.c,variables.h,all_local_variables,SHELL_VAR,functionimpl,alias,Return,50.0,True,3465.0,3641.0,general,general
339,340,variables.c,variables.h,find_tempenv_variable,SHELL_VAR,functionproto,alias,Return,50.0,True,3519.0,3641.0,general,general
339,340,variables.c,variables.h,create_variable_tables,var_context,functionimpl,type,Use,46.0,True,3471.0,3693.0,general,general
339,340,variables.c,variables.h,set_machine_vars,variable,functionimpl,type,Use,46.0,True,3494.0,3694.0,general,general
339,340,variables.c,variables.h,set_pwd,variable,functionimpl,type,Use,46.0,True,3496.0,3694.0,general,general
339,340,variables.c,variables.h,initialize_dynamic_variables,variable,functionimpl,type,Use,46.0,True,3478.0,3694.0,general,general
339,340,variables.c,variables.h,kill_all_local_variables,var_context,functionimpl,type,Use,46.0,True,3480.0,3693.0,general,general
339,340,variables.c,variables.h,kill_all_local_variables,VAR_CONTEXT,functionimpl,alias,Use,46.0,True,3480.0,3643.0,general,general
339,340,variables.c,variables.h,all_local_variables,_vlist,functionimpl,type,Use,46.0,True,3465.0,3692.0,general,general
339,340,variables.c,variables.h,all_local_variables,VARLIST,functionimpl,alias,Use,46.0,True,3465.0,3642.0,general,general
339,340,variables.c,variables.h,all_local_variables,var_context,functionimpl,type,Use,46.0,True,3465.0,3693.0,general,general
339,340,variables.c,variables.h,all_local_variables,VAR_CONTEXT,functionimpl,alias,Use,46.0,True,3465.0,3643.0,general,general
339,340,variables.c,variables.h,make_func_export_array,variable,functionimpl,type,Use,46.0,True,3482.0,3694.0,general,general
339,340,variables.c,variables.h,make_func_export_array,SHELL_VAR,functionimpl,alias,Use,46.0,True,3482.0,3641.0,general,general
339,340,variables.c,variables.h,n_shell_variables,var_context,functionimpl,type,Use,46.0,True,3485.0,3693.0,general,general
339,340,variables.c,variables.h,n_shell_variables,VAR_CONTEXT,functionimpl,alias,Use,46.0,True,3485.0,3643.0,general,general
339,340,variables.c,variables.h,maybe_make_export_env,var_context,functionimpl,type,Use,46.0,True,3483.0,3693.0,general,general
339,340,variables.c,variables.h,pop_var_context,var_context,functionimpl,type,Use,46.0,True,3489.0,3693.0,general,general
339,340,variables.c,variables.h,set_pwd,set_pwd,functionimpl,functionproto,Implement,21.0,True,3496.0,3685.0,general,general
339,340,variables.c,variables.h,set_ppid,set_ppid,functionimpl,functionproto,Implement,21.0,True,3495.0,3684.0,general,general
339,340,variables.c,variables.h,get_random_number,get_random_number,functionimpl,functionproto,Implement,21.0,True,3475.0,3664.0,general,general
339,340,variables.c,variables.h,kill_all_local_variables,kill_all_local_variables,functionimpl,functionproto,Implement,21.0,True,3480.0,3667.0,general,general
339,340,variables.c,variables.h,all_shell_variables,all_shell_variables,functionimpl,functionproto,Implement,21.0,True,3467.0,3648.0,general,general
339,340,variables.c,variables.h,all_shell_functions,all_shell_functions,functionimpl,functionproto,Implement,21.0,True,3466.0,3647.0,general,general
339,340,variables.c,variables.h,all_visible_functions,all_visible_functions,functionimpl,functionproto,Implement,21.0,True,3468.0,3649.0,general,general
339,340,variables.c,variables.h,all_visible_variables,all_visible_variables,functionimpl,functionproto,Implement,21.0,True,3469.0,3650.0,general,general
339,340,variables.c,variables.h,all_exported_variables,all_exported_variables,functionimpl,functionproto,Implement,21.0,True,3464.0,3645.0,general,general
339,340,variables.c,variables.h,local_exported_variables,local_exported_variables,functionimpl,functionproto,Implement,21.0,True,3481.0,3668.0,general,general
339,340,variables.c,variables.h,all_local_variables,all_local_variables,functionimpl,functionproto,Implement,21.0,True,3465.0,3646.0,general,general
339,340,variables.c,variables.h,dispose_used_env_vars,dispose_used_env_vars,functionimpl,functionproto,Implement,21.0,True,3473.0,3658.0,general,general
339,340,variables.c,variables.h,merge_temporary_env,merge_temporary_env,functionimpl,functionproto,Implement,21.0,True,3484.0,3673.0,general,general
339,340,variables.c,variables.h,maybe_make_export_env,maybe_make_export_env,functionimpl,functionproto,Implement,21.0,True,3483.0,3672.0,general,general
339,340,variables.c,variables.h,pop_var_context,pop_var_context,functionimpl,functionproto,Implement,21.0,True,3489.0,3678.0,general,general
339,340,variables.c,variables.h,pop_context,pop_context,functionimpl,functionproto,Implement,21.0,True,3487.0,3676.0,general,general
339,340,variables.c,variables.h,push_dollar_vars,push_dollar_vars,functionimpl,functionproto,Implement,21.0,True,3490.0,3679.0,general,general
339,340,variables.c,variables.h,pop_dollar_vars,pop_dollar_vars,functionimpl,functionproto,Implement,21.0,True,3488.0,3677.0,general,general
339,340,variables.c,variables.h,dispose_saved_dollar_vars,dispose_saved_dollar_vars,functionimpl,functionproto,Implement,21.0,True,3472.0,3657.0,general,general
339,340,variables.c,variables.h,pop_args,pop_args,functionimpl,functionproto,Implement,21.0,True,3486.0,3675.0,general,general
339,340,variables.c,variables.h,reinit_special_variables,reinit_special_variables,functionimpl,functionproto,Implement,21.0,True,3491.0,3682.0,general,general
339,340,variables.c,variables.h,,variables,file,type,Contain,82.0,False,,,general,general
339,340,variables.c,variables.h,set_machine_vars,variable,functionimpl,type,Contain,82.0,True,3494.0,3694.0,general,general
339,340,variables.c,variables.h,set_home_var,variable,functionimpl,type,Contain,82.0,True,3493.0,3694.0,general,general
339,340,variables.c,variables.h,set_shell_var,variable,functionimpl,type,Contain,82.0,True,3497.0,3694.0,general,general
339,340,variables.c,variables.h,set_pwd,variable,functionimpl,type,Contain,82.0,True,3496.0,3694.0,general,general
339,340,variables.c,variables.h,set_ppid,variable,functionimpl,type,Contain,82.0,True,3495.0,3694.0,general,general
339,340,variables.c,variables.h,uidset,variable,functionimpl,type,Contain,82.0,True,3499.0,3694.0,general,general
339,340,variables.c,variables.h,init_seconds_var,variable,functionimpl,type,Contain,82.0,True,3477.0,3694.0,general,general
339,340,variables.c,variables.h,init_funcname_var,variable,functionimpl,type,Contain,82.0,True,3476.0,3694.0,general,general
339,340,variables.c,variables.h,initialize_dynamic_variables,variable,functionimpl,type,Contain,82.0,True,3478.0,3694.0,general,general
339,340,variables.c,variables.h,all_local_variables,variable,functionimpl,type,Contain,82.0,True,3465.0,3694.0,general,general
339,340,variables.c,variables.h,maybe_make_export_env,var_context,functionimpl,type,Contain,82.0,True,3483.0,3693.0,general,general
339,340,variables.c,variables.h,pop_var_context,var_context,functionimpl,type,Contain,82.0,True,3489.0,3693.0,general,general
86,316,hashlib.c,shell.h,,,file,file,Import,1.0,False,,,general,general
308,19,pcomplete.c,bashtypes.h,,,file,file,Import,1.0,False,,,general,general
308,18,pcomplete.c,bashline.h,,,file,file,Import,1.0,False,,,general,general
29,15,builtins/getopt.c,bashintl.h,,,file,file,Import,1.0,False,,,libbuiltins,general
311,15,print_cmd.c,bashintl.h,,,file,file,Import,1.0,False,,,general,general
311,12,print_cmd.c,bashansi.h,,,file,file,Import,1.0,False,,,general,general
164,198,lib/readline/display.c,lib/readline/rlprivate.h,rl_redisplay,_rl_block_sigint,functionimpl,functionproto,Call,8.0,True,1413.0,1909.0,libreadline,libreadline
164,198,lib/readline/display.c,lib/readline/rlprivate.h,rl_redisplay,_rl_output_some_chars,functionimpl,functionproto,Call,8.0,True,1413.0,1933.0,libreadline,libreadline
164,198,lib/readline/display.c,lib/readline/rlprivate.h,rl_redisplay,_rl_backspace,functionimpl,functionproto,Call,8.0,True,1413.0,1908.0,libreadline,libreadline
164,198,lib/readline/display.c,lib/readline/rlprivate.h,rl_redisplay,_rl_release_sigint,functionimpl,functionproto,Call,8.0,True,1413.0,1938.0,libreadline,libreadline
164,198,lib/readline/display.c,lib/readline/rlprivate.h,rl_on_new_line_with_prompt,_rl_output_some_chars,functionimpl,functionproto,Call,8.0,True,1412.0,1933.0,libreadline,libreadline
164,198,lib/readline/display.c,lib/readline/rlprivate.h,,,file,file,Import,1.0,False,,,libreadline,libreadline
164,198,lib/readline/display.c,lib/readline/rlprivate.h,_rl_clear_screen,_rl_clear_screen,functionimpl,functionproto,Implement,6.0,True,1403.0,1913.0,libreadline,libreadline
164,198,lib/readline/display.c,lib/readline/rlprivate.h,_rl_update_final,_rl_update_final,functionimpl,functionproto,Implement,6.0,True,1407.0,1949.0,libreadline,libreadline
164,198,lib/readline/display.c,lib/readline/rlprivate.h,_rl_redisplay_after_sigwinch,_rl_redisplay_after_sigwinch,functionimpl,functionproto,Implement,6.0,True,1406.0,1937.0,libreadline,libreadline
164,198,lib/readline/display.c,lib/readline/rlprivate.h,_rl_clean_up_for_exit,_rl_clean_up_for_exit,functionimpl,functionproto,Implement,6.0,True,1402.0,1912.0,libreadline,libreadline
164,198,lib/readline/display.c,lib/readline/rlprivate.h,_rl_erase_entire_line,_rl_erase_entire_line,functionimpl,functionproto,Implement,6.0,True,1405.0,1918.0,libreadline,libreadline
164,198,lib/readline/display.c,lib/readline/rlprivate.h,_rl_current_display_line,_rl_current_display_line,functionimpl,functionproto,Implement,6.0,True,1404.0,1914.0,libreadline,libreadline
164,197,lib/readline/display.c,lib/readline/rlmbutil.h,,,file,file,Import,1.0,False,,,libreadline,libreadline
164,194,lib/readline/display.c,lib/readline/readline.h,,,file,file,Import,1.0,False,,,libreadline,libreadline
164,196,lib/readline/display.c,lib/readline/rldefs.h,,,file,file,Import,1.0,False,,,libreadline,libreadline
308,5,pcomplete.c,alias.h,,,file,file,Import,1.0,False,,,general,general
17,192,bashline.c,lib/readline/posixstat.h,,,file,file,Import,1.0,False,,,general,libreadline
17,195,bashline.c,lib/readline/rlconf.h,,,file,file,Import,1.0,False,,,general,libreadline
175,220,lib/readline/histfile.c,lib/readline/xmalloc.h,,,file,file,Import,1.0,False,,,libreadline,libreadline
17,194,bashline.c,lib/readline/readline.h,,,file,file,Import,1.0,False,,,general,libreadline
164,192,lib/readline/display.c,lib/readline/posixstat.h,,,file,file,Import,1.0,False,,,libreadline,libreadline
266,88,lib/sh/strtod.c,include/chartypes.h,,,file,file,Import,1.0,False,,,libsh,general
300,105,make_cmd.c,jobs.h,,,file,file,Import,1.0,False,,,general,job_control
300,103,make_cmd.c,input.h,,,file,file,Import,1.0,False,,,general,general
311,26,print_cmd.c,builtins/common.h,,,file,file,Import,1.0,False,,,general,libbuiltins
324,99,support/bashversion.c,include/stdc.h,,,file,file,Import,1.0,False,,,support,general
296,316,list.c,shell.h,,,file,file,Import,1.0,False,,,general,general
344,97,y.tab.c,include/shmbutil.h,,,file,file,Import,1.0,False,,,general,general
286,33,lib/sh/zmapfd.c,command.h,,,file,file,Import,1.0,False,,,libsh,general
236,91,lib/sh/mailstat.c,include/maxpath.h,,,file,file,Import,1.0,False,,,libsh,general
344,92,y.tab.c,include/memalloc.h,,,file,file,Import,1.0,False,,,general,libbuiltins
83,343,general.h,xmalloc.h,,,file,file,Import,1.0,False,,,general,job_control
311,33,print_cmd.c,command.h,,command,file,type,Contain,28.0,False,,194.0,general,general
276,192,lib/sh/tmpfile.c,lib/readline/posixstat.h,,,file,file,Import,1.0,False,,,libsh,libreadline
118,142,lib/intl/dcigettext.c,lib/intl/plural-exp.h,,,file,file,Import,1.0,False,,,libintl,libintl
344,88,y.tab.c,include/chartypes.h,,,file,file,Import,1.0,False,,,general,general
243,19,lib/sh/netconn.c,bashtypes.h,,,file,file,Import,1.0,False,,,libsh,general
308,26,pcomplete.c,builtins/common.h,,,file,file,Import,1.0,False,,,general,libbuiltins
308,22,pcomplete.c,builtins.h,,,file,file,Import,1.0,False,,,general,libbuiltins
22,33,builtins.h,command.h,,,file,file,Import,1.0,False,,,libbuiltins,general
344,89,y.tab.c,include/filecntl.h,,,file,file,Import,1.0,False,,,general,general
331,12,support/zecho.c,bashansi.h,,,file,file,Import,1.0,False,,,support,general
17,178,bashline.c,lib/readline/history.h,,,file,file,Import,1.0,False,,,general,libreadline
344,83,y.tab.c,general.h,yyparse,g_list,functionimpl,type,Cast,4.0,True,3732.0,693.0,general,general
344,83,y.tab.c,general.h,,general,file,type,Contain,2.0,False,,,general,general
344,81,y.tab.c,flags.h,,,file,file,Import,1.0,False,,,general,general
177,220,lib/readline/history.c,lib/readline/xmalloc.h,,,file,file,Import,1.0,False,,,libreadline,libreadline
118,131,lib/intl/dcigettext.c,lib/intl/loadinfo.h,,loadinfo,file,type,Contain,3.0,False,,,libintl,libintl
118,131,lib/intl/dcigettext.c,lib/intl/loadinfo.h,known_translation_t,loaded_l10nfile,type,type,Contain,3.0,True,993.0,1060.0,libintl,libintl
35,316,copy_cmd.c,shell.h,,,file,file,Import,1.0,False,,,general,general
13,114,bashhist.c,lib/glob/strmatch.h,,,file,file,Import,1.0,False,,,general,libglob
315,336,shell.c,trap.h,shell_initialize,initialize_traps,functionimpl,functionproto,Call,1.0,True,2863.0,3426.0,general,general
315,336,shell.c,trap.h,,,file,file,Import,1.0,False,,,general,general
310,316,pcomplib.c,shell.h,,,file,file,Import,1.0,False,,,general,general
86,12,hashlib.c,bashansi.h,,,file,file,Import,1.0,False,,,general,general
303,98,nojobs.c,include/shtty.h,set_tty_state,ttsetattr,functionimpl,functionproto,Call,1.0,True,2753.0,751.0,job_control,general
303,98,nojobs.c,include/shtty.h,,,file,file,Import,1.0,False,,,job_control,general
302,332,mksyntax.c,syntax.h,,,file,file,Import,1.0,False,,,general,general
138,126,lib/intl/ngettext.c,lib/intl/gettextP.h,,,file,file,Import,1.0,False,,,libintl,libintl
173,220,lib/readline/funmap.c,lib/readline/xmalloc.h,,,file,file,Import,1.0,False,,,libreadline,libreadline
201,194,lib/readline/rltty.c,lib/readline/readline.h,,,file,file,Import,1.0,False,,,libreadline,libreadline
78,79,findcmd.c,findcmd.h,,,file,file,Import,1.0,False,,,general,general
201,196,lib/readline/rltty.c,lib/readline/rldefs.h,,,file,file,Import,1.0,False,,,libreadline,libreadline
201,198,lib/readline/rltty.c,lib/readline/rlprivate.h,,,file,file,Import,1.0,False,,,libreadline,libreadline
201,198,lib/readline/rltty.c,lib/readline/rlprivate.h,_rl_disable_tty_signals,_rl_disable_tty_signals,functionimpl,functionproto,Implement,2.0,True,2011.0,1915.0,libreadline,libreadline
201,198,lib/readline/rltty.c,lib/readline/rlprivate.h,_rl_restore_tty_signals,_rl_restore_tty_signals,functionimpl,functionproto,Implement,2.0,True,2012.0,1942.0,libreadline,libreadline
315,340,shell.c,variables.h,run_startup_files,get_string_value,functionimpl,functionproto,Call,6.0,True,2861.0,3665.0,general,general
315,340,shell.c,variables.h,unbind_args,pop_args,functionimpl,functionproto,Call,6.0,True,2866.0,3675.0,general,general
315,340,shell.c,variables.h,shell_initialize,initialize_shell_variables,functionimpl,functionproto,Call,6.0,True,2863.0,3666.0,general,general
315,340,shell.c,variables.h,shell_reinitialize,reinit_special_variables,functionimpl,functionproto,Call,6.0,True,2864.0,3682.0,general,general
36,12,dispose_cmd.c,bashansi.h,,,file,file,Import,1.0,False,,,general,general
222,19,lib/sh/clktck.c,bashtypes.h,,,file,file,Import,1.0,False,,,libsh,general
78,81,findcmd.c,flags.h,,,file,file,Import,1.0,False,,,general,general
199,200,lib/readline/rlshell.h,lib/readline/rlstdc.h,,,file,file,Import,1.0,False,,,libreadline,libreadline
336,99,trap.h,include/stdc.h,,,file,file,Import,1.0,False,,,general,general
344,304,y.tab.c,parser.h,,,file,file,Import,1.0,False,,,general,general
78,88,findcmd.c,include/chartypes.h,,,file,file,Import,1.0,False,,,general,general
78,87,findcmd.c,hashlib.h,,,file,file,Import,1.0,False,,,general,general
78,89,findcmd.c,include/filecntl.h,,,file,file,Import,1.0,False,,,general,general
344,301,y.tab.c,make_cmd.h,yyparse,make_word_list,functionimpl,functionproto,Call,117.0,True,3732.0,2728.0,general,general
344,301,y.tab.c,make_cmd.h,yyparse,make_redirection,functionimpl,functionproto,Call,117.0,True,3732.0,2722.0,general,general
344,301,y.tab.c,make_cmd.h,yyparse,make_simple_command,functionimpl,functionproto,Call,117.0,True,3732.0,2724.0,general,general
344,301,y.tab.c,make_cmd.h,yyparse,clean_simple_command,functionimpl,functionproto,Call,117.0,True,3732.0,2706.0,general,general
344,301,y.tab.c,make_cmd.h,yyparse,make_while_command,functionimpl,functionproto,Call,117.0,True,3732.0,2727.0,general,general
344,301,y.tab.c,make_cmd.h,yyparse,make_until_command,functionimpl,functionproto,Call,117.0,True,3732.0,2726.0,general,general
344,301,y.tab.c,make_cmd.h,yyparse,make_for_command,functionimpl,functionproto,Call,117.0,True,3732.0,2716.0,general,general
344,301,y.tab.c,make_cmd.h,yyparse,make_arith_for_command,functionimpl,functionproto,Call,117.0,True,3732.0,2711.0,general,general
344,301,y.tab.c,make_cmd.h,yyparse,make_select_command,functionimpl,functionproto,Call,117.0,True,3732.0,2723.0,general,general
344,301,y.tab.c,make_cmd.h,yyparse,make_case_command,functionimpl,functionproto,Call,117.0,True,3732.0,2714.0,general,general
344,301,y.tab.c,make_cmd.h,yyparse,make_function_def,functionimpl,functionproto,Call,117.0,True,3732.0,2717.0,general,general
344,301,y.tab.c,make_cmd.h,yyparse,make_subshell_command,functionimpl,functionproto,Call,117.0,True,3732.0,2725.0,general,general
344,301,y.tab.c,make_cmd.h,yyparse,make_coproc_command,functionimpl,functionproto,Call,117.0,True,3732.0,2715.0,general,general
344,301,y.tab.c,make_cmd.h,yyparse,make_if_command,functionimpl,functionproto,Call,117.0,True,3732.0,2720.0,general,general
344,301,y.tab.c,make_cmd.h,yyparse,make_group_command,functionimpl,functionproto,Call,117.0,True,3732.0,2718.0,general,general
344,301,y.tab.c,make_cmd.h,yyparse,make_arith_command,functionimpl,functionproto,Call,117.0,True,3732.0,2710.0,general,general
344,301,y.tab.c,make_cmd.h,yyparse,make_pattern_list,functionimpl,functionproto,Call,117.0,True,3732.0,2721.0,general,general
344,301,y.tab.c,make_cmd.h,yyparse,connect_async_list,functionimpl,functionproto,Call,117.0,True,3732.0,2709.0,general,general
344,301,y.tab.c,make_cmd.h,yyparse,command_connect,functionimpl,functionproto,Call,117.0,True,3732.0,2708.0,general,general
344,301,y.tab.c,make_cmd.h,gather_here_documents,make_here_document,functionimpl,functionproto,Call,117.0,True,3713.0,2719.0,general,general
78,85,findcmd.c,hashcmd.h,,,file,file,Import,1.0,False,,,general,general
36,19,dispose_cmd.c,bashtypes.h,,,file,file,Import,1.0,False,,,general,general
311,77,print_cmd.c,externs.h,indirection_level_string,decode_prompt_string,functionimpl,functionproto,Call,1.0,True,2806.0,533.0,general,general
311,77,print_cmd.c,externs.h,xtrace_init,xtrace_init,functionimpl,functionproto,Implement,3.0,True,2809.0,572.0,general,general
311,77,print_cmd.c,externs.h,xtrace_reset,xtrace_reset,functionimpl,functionproto,Implement,3.0,True,2810.0,573.0,general,general
311,77,print_cmd.c,externs.h,indirection_level_string,indirection_level_string,functionimpl,functionproto,Implement,3.0,True,2806.0,545.0,general,general
315,318,shell.c,sig.h,shell_initialize,initialize_signals,functionimpl,functionproto,Call,1.0,True,2863.0,2968.0,general,signal_handling
30,99,builtins/getopt.h,include/stdc.h,,,file,file,Import,1.0,False,,,libbuiltins,general
315,316,shell.c,shell.h,,,file,file,Import,1.0,False,,,general,general
315,316,shell.c,shell.h,uidget,user_info,functionimpl,type,Use,25.0,True,2865.0,2925.0,general,general
315,316,shell.c,shell.h,disable_priv_mode,user_info,functionimpl,type,Use,25.0,True,2855.0,2925.0,general,general
315,316,shell.c,shell.h,get_current_user_info,user_info,functionimpl,type,Use,25.0,True,2856.0,2925.0,general,general
315,316,shell.c,shell.h,,shell,file,type,Contain,1.0,False,,,general,general
13,103,bashhist.c,input.h,,,file,file,Import,1.0,False,,,general,general
28,75,builtins/evalstring.c,execute_cmd.h,,,file,file,Import,1.0,False,,,libbuiltins,general
78,92,findcmd.c,include/memalloc.h,,,file,file,Import,1.0,False,,,general,libbuiltins
13,108,bashhist.c,lib/glob/glob.h,,,file,file,Import,1.0,False,,,general,libglob
36,33,dispose_cmd.c,command.h,,command,file,type,Contain,7.0,False,,194.0,general,general
344,316,y.tab.c,shell.h,,,file,file,Import,1.0,False,,,general,general
344,316,y.tab.c,shell.h,save_parser_state,sh_parser_state_t,functionproto,alias,Return,1.0,True,3737.0,2920.0,general,general
344,316,y.tab.c,shell.h,,shell,file,type,Contain,2.0,False,,,general,general
310,309,pcomplib.c,pcomplete.h,,,file,file,Import,1.0,False,,,general,general
311,81,print_cmd.c,flags.h,indirection_level_string,change_flag,functionimpl,functionproto,Call,2.0,True,2806.0,625.0,general,general
311,81,print_cmd.c,flags.h,,,file,file,Import,1.0,False,,,general,general
272,99,lib/sh/strtoumax.c,include/stdc.h,,,file,file,Import,1.0,False,,,libsh,general
28,81,builtins/evalstring.c,flags.h,,,file,file,Import,1.0,False,,,libbuiltins,general
255,12,lib/sh/spell.c,bashansi.h,,,file,file,Import,1.0,False,,,libsh,general
310,12,pcomplib.c,bashansi.h,,,file,file,Import,1.0,False,,,general,general
28,89,builtins/evalstring.c,include/filecntl.h,,,file,file,Import,1.0,False,,,libbuiltins,general
78,19,findcmd.c,bashtypes.h,,,file,file,Import,1.0,False,,,general,general
255,19,lib/sh/spell.c,bashtypes.h,,,file,file,Import,1.0,False,,,libsh,general
311,97,print_cmd.c,include/shmbutil.h,,,file,file,Import,1.0,False,,,general,general
310,15,pcomplib.c,bashintl.h,,,file,file,Import,1.0,False,,,general,general
13,89,bashhist.c,include/filecntl.h,,,file,file,Import,1.0,False,,,general,general
29,92,builtins/getopt.c,include/memalloc.h,,,file,file,Import,1.0,False,,,libbuiltins,libbuiltins
13,81,bashhist.c,flags.h,,,file,file,Import,1.0,False,,,general,general
112,106,lib/glob/smatch.c,lib/glob/collsyms.h,,,file,file,Import,1.0,False,,,libglob,libglob
223,99,lib/sh/clock.c,include/stdc.h,,,file,file,Import,1.0,False,,,libsh,general
206,178,lib/readline/search.c,lib/readline/history.h,,,file,file,Import,1.0,False,,,libreadline,libreadline
206,178,lib/readline/search.c,lib/readline/history.h,,history,file,type,Contain,2.0,False,,,libreadline,libreadline
20,12,bracecomp.c,bashansi.h,,,file,file,Import,1.0,False,,,general,general
223,94,lib/sh/clock.c,include/posixtime.h,,,file,file,Import,1.0,False,,,libsh,general
133,134,lib/intl/localcharset.c,lib/intl/localcharset.h,,,file,file,Import,1.0,False,,,libintl,libintl
133,134,lib/intl/localcharset.c,lib/intl/localcharset.h,locale_charset,locale_charset,functionimpl,functionproto,Implement,1.0,True,1067.0,1089.0,libintl,libintl
141,142,lib/intl/plural-exp.c,lib/intl/plural-exp.h,,plural-exp,file,type,Cast,2.0,False,,,libintl,libintl
141,142,lib/intl/plural-exp.c,lib/intl/plural-exp.h,,,file,file,Import,1.0,False,,,libintl,libintl
141,142,lib/intl/plural-exp.c,lib/intl/plural-exp.h,,plural-exp,file,type,Contain,4.0,False,,,libintl,libintl
343,12,xmalloc.h,bashansi.h,,,file,file,Import,1.0,False,,,job_control,general
112,114,lib/glob/smatch.c,lib/glob/strmatch.h,,,file,file,Import,1.0,False,,,libglob,libglob
80,81,flags.c,flags.h,,,file,file,Import,1.0,False,,,general,general
80,81,flags.c,flags.h,,flags,file,type,Use,7.0,False,,,general,general
80,81,flags.c,flags.h,which_set_flags,flags_alist,functionimpl,type,Use,7.0,True,594.0,629.0,general,general
80,81,flags.c,flags.h,initialize_flags,flags_alist,functionimpl,type,Use,7.0,True,592.0,629.0,general,general
80,81,flags.c,flags.h,which_set_flags,which_set_flags,functionimpl,functionproto,Implement,3.0,True,594.0,628.0,general,general
80,81,flags.c,flags.h,reset_shell_flags,reset_shell_flags,functionimpl,functionproto,Implement,3.0,True,593.0,627.0,general,general
80,81,flags.c,flags.h,initialize_flags,initialize_flags,functionimpl,functionproto,Implement,3.0,True,592.0,626.0,general,general
80,81,flags.c,flags.h,,flags,file,type,Contain,1.0,False,,,general,general
86,87,hashlib.c,hashlib.h,,,file,file,Import,1.0,False,,,general,general
86,87,hashlib.c,hashlib.h,copy_bucket_array,BUCKET_CONTENTS,functionproto,alias,Return,5.0,True,706.0,717.0,general,general
86,87,hashlib.c,hashlib.h,hash_create,HASH_TABLE,functionproto,alias,Return,5.0,True,708.0,718.0,general,general
86,87,hashlib.c,hashlib.h,hash_search,BUCKET_CONTENTS,functionproto,alias,Return,5.0,True,712.0,717.0,general,general
86,87,hashlib.c,hashlib.h,hash_remove,BUCKET_CONTENTS,functionproto,alias,Return,5.0,True,711.0,717.0,general,general
86,87,hashlib.c,hashlib.h,,hashlib,file,type,Contain,12.0,False,,,general,general
112,111,lib/glob/smatch.c,lib/glob/sm_loop.c,,,file,file,Import,1.0,False,,,libglob,libglob
303,75,nojobs.c,execute_cmd.h,,,file,file,Import,1.0,False,,,job_control,general
206,194,lib/readline/search.c,lib/readline/readline.h,,,file,file,Import,1.0,False,,,libreadline,libreadline
206,198,lib/readline/search.c,lib/readline/rlprivate.h,rl_history_search_reinit,_rl_free_saved_history_line,functionimpl,functionproto,Call,1.0,True,2025.0,1920.0,libreadline,libreadline
206,198,lib/readline/search.c,lib/readline/rlprivate.h,,,file,file,Import,1.0,False,,,libreadline,libreadline
206,198,lib/readline/search.c,lib/readline/rlprivate.h,_rl_nsearch_init,_rl_search_cxt,functionproto,alias,Return,1.0,True,2026.0,1900.0,libreadline,libreadline
206,197,lib/readline/search.c,lib/readline/rlmbutil.h,,,file,file,Import,1.0,False,,,libreadline,libreadline
206,196,lib/readline/search.c,lib/readline/rldefs.h,,,file,file,Import,1.0,False,,,libreadline,libreadline
303,89,nojobs.c,include/filecntl.h,,,file,file,Import,1.0,False,,,job_control,general
4,77,alias.c,externs.h,,,file,file,Import,1.0,False,,,general,general
263,99,lib/sh/strnlen.c,include/stdc.h,,,file,file,Import,1.0,False,,,libsh,general
221,343,lib/sh/casemod.c,xmalloc.h,,,file,file,Import,1.0,False,,,libsh,job_control
322,299,subst.c,mailcheck.h,,,file,file,Import,1.0,False,,,general,general
322,295,subst.c,lib/tilde/tilde.h,,,file,file,Import,1.0,False,,,general,libtilde
102,83,input.c,general.h,,,file,file,Import,1.0,False,,,general,general
4,88,alias.c,include/chartypes.h,,,file,file,Import,1.0,False,,,general,general
36,93,dispose_cmd.c,include/ocache.h,,ocache,file,type,Contain,2.0,False,,,general,general
38,83,error.c,general.h,get_name_for_error,base_pathname,functionimpl,functionproto,Call,1.0,True,243.0,682.0,error_handling,general
13,26,bashhist.c,builtins/common.h,,,file,file,Import,1.0,False,,,general,libbuiltins
236,192,lib/sh/mailstat.c,lib/readline/posixstat.h,,,file,file,Import,1.0,False,,,libsh,libreadline
102,89,input.c,include/filecntl.h,,,file,file,Import,1.0,False,,,general,general
4,83,alias.c,general.h,,,file,file,Import,1.0,False,,,general,general
38,81,error.c,flags.h,,,file,file,Import,1.0,False,,,error_handling,general
319,15,siglist.c,bashintl.h,,,file,file,Import,1.0,False,,,signal_handling,general
319,19,siglist.c,bashtypes.h,,,file,file,Import,1.0,False,,,signal_handling,general
298,94,mailcheck.c,include/posixtime.h,,,file,file,Import,1.0,False,,,general,general
273,88,lib/sh/strtrans.c,include/chartypes.h,,,file,file,Import,1.0,False,,,libsh,general
78,12,findcmd.c,bashansi.h,,,file,file,Import,1.0,False,,,general,general
164,209,lib/readline/display.c,lib/readline/tcap.h,rl_redisplay,tputs,functionimpl,functionproto,Call,6.0,True,1413.0,2077.0,libreadline,libreadline
164,209,lib/readline/display.c,lib/readline/tcap.h,_rl_clear_screen,tputs,functionimpl,functionproto,Call,6.0,True,1403.0,2077.0,libreadline,libreadline
164,209,lib/readline/display.c,lib/readline/tcap.h,cr,tputs,functionimpl,functionproto,Call,6.0,True,1408.0,2077.0,libreadline,libreadline
164,209,lib/readline/display.c,lib/readline/tcap.h,_rl_redisplay_after_sigwinch,tputs,functionimpl,functionproto,Call,6.0,True,1406.0,2077.0,libreadline,libreadline
164,209,lib/readline/display.c,lib/readline/tcap.h,,,file,file,Import,1.0,False,,,libreadline,libreadline
20,316,bracecomp.c,shell.h,,,file,file,Import,1.0,False,,,general,general
255,91,lib/sh/spell.c,include/maxpath.h,,,file,file,Import,1.0,False,,,libsh,general
298,192,mailcheck.c,lib/readline/posixstat.h,,,file,file,Import,1.0,False,,,general,libreadline
316,340,shell.h,variables.h,,,file,file,Import,1.0,False,,,general,general
255,99,lib/sh/spell.c,include/stdc.h,,,file,file,Import,1.0,False,,,libsh,general
319,343,siglist.c,xmalloc.h,,,file,file,Import,1.0,False,,,signal_handling,job_control
316,332,shell.h,syntax.h,,,file,file,Import,1.0,False,,,general,general
28,15,builtins/evalstring.c,bashintl.h,,,file,file,Import,1.0,False,,,libbuiltins,general
28,12,builtins/evalstring.c,bashansi.h,,,file,file,Import,1.0,False,,,libbuiltins,general
343,99,xmalloc.h,include/stdc.h,,,file,file,Import,1.0,False,,,job_control,general
104,105,jobs.c,jobs.h,,jobs,file,type,Cast,5.0,False,,,job_control,job_control
104,105,jobs.c,jobs.h,cleanup_the_pipeline,process,functionimpl,type,Cast,5.0,True,773.0,943.0,job_control,job_control
104,105,jobs.c,jobs.h,realloc_jobs_list,job,functionimpl,type,Cast,5.0,True,790.0,940.0,job_control,job_control
104,105,jobs.c,jobs.h,set_tty_state,getpid,functionimpl,functionproto,Call,1.0,True,797.0,918.0,job_control,job_control
104,105,jobs.c,jobs.h,,,file,file,Import,1.0,False,,,job_control,job_control
104,105,jobs.c,jobs.h,find_pipeline,PROCESS,functionproto,alias,Return,6.0,True,813.0,910.0,job_control,job_control
104,105,jobs.c,jobs.h,find_process,PROCESS,functionproto,alias,Return,6.0,True,814.0,910.0,job_control,job_control
104,105,jobs.c,jobs.h,find_last_proc,PROCESS,functionproto,alias,Return,6.0,True,812.0,910.0,job_control,job_control
104,105,jobs.c,jobs.h,bgp_alloc,pidstat,functionproto,type,Return,6.0,True,807.0,942.0,job_control,job_control
104,105,jobs.c,jobs.h,bgp_add,pidstat,functionproto,type,Return,6.0,True,806.0,942.0,job_control,job_control
104,105,jobs.c,jobs.h,,,file,var,Use,115.0,False,,,job_control,job_control
104,105,jobs.c,jobs.h,init_job_stats,jobstats,functionimpl,type,Use,115.0,True,782.0,941.0,job_control,job_control
104,105,jobs.c,jobs.h,init_job_stats,NO_PID,functionimpl,var,Use,115.0,True,782.0,944.0,job_control,job_control
104,105,jobs.c,jobs.h,cleanup_the_pipeline,process,functionimpl,type,Use,115.0,True,773.0,943.0,job_control,job_control
104,105,jobs.c,jobs.h,bgp_clear,pidstat,functionimpl,type,Use,115.0,True,770.0,942.0,job_control,job_control
104,105,jobs.c,jobs.h,bgp_prune,jobstats,functionimpl,type,Use,115.0,True,771.0,941.0,job_control,job_control
104,105,jobs.c,jobs.h,reset_job_indices,job,functionimpl,type,Use,115.0,True,793.0,940.0,job_control,job_control
104,105,jobs.c,jobs.h,reset_job_indices,jobstats,functionimpl,type,Use,115.0,True,793.0,941.0,job_control,job_control
104,105,jobs.c,jobs.h,cleanup_dead_jobs,jobstats,functionimpl,type,Use,115.0,True,772.0,941.0,job_control,job_control
104,105,jobs.c,jobs.h,cleanup_dead_jobs,job,functionimpl,type,Use,115.0,True,772.0,940.0,job_control,job_control
104,105,jobs.c,jobs.h,realloc_jobs_list,jobstats,functionimpl,type,Use,115.0,True,790.0,941.0,job_control,job_control
104,105,jobs.c,jobs.h,realloc_jobs_list,job,functionimpl,type,Use,115.0,True,790.0,940.0,job_control,job_control
104,105,jobs.c,jobs.h,terminate_stopped_jobs,jobstats,functionimpl,type,Use,115.0,True,801.0,941.0,job_control,job_control
104,105,jobs.c,jobs.h,terminate_stopped_jobs,job,functionimpl,type,Use,115.0,True,801.0,940.0,job_control,job_control
104,105,jobs.c,jobs.h,hangup_all_jobs,jobstats,functionimpl,type,Use,115.0,True,780.0,941.0,job_control,job_control
104,105,jobs.c,jobs.h,hangup_all_jobs,job,functionimpl,type,Use,115.0,True,780.0,940.0,job_control,job_control
104,105,jobs.c,jobs.h,wait_for_background_pids,jobstats,functionimpl,type,Use,115.0,True,803.0,941.0,job_control,job_control
104,105,jobs.c,jobs.h,wait_for_background_pids,job,functionimpl,type,Use,115.0,True,803.0,940.0,job_control,job_control
104,105,jobs.c,jobs.h,reset_current,jobstats,functionimpl,type,Use,115.0,True,792.0,941.0,job_control,job_control
104,105,jobs.c,jobs.h,reset_current,job,functionimpl,type,Use,115.0,True,792.0,940.0,job_control,job_control
104,105,jobs.c,jobs.h,notify_of_job_status,jobstats,functionimpl,type,Use,115.0,True,789.0,941.0,job_control,job_control
104,105,jobs.c,jobs.h,notify_of_job_status,job,functionimpl,type,Use,115.0,True,789.0,940.0,job_control,job_control
104,105,jobs.c,jobs.h,count_all_jobs,jobstats,functionimpl,type,Use,115.0,True,774.0,941.0,job_control,job_control
104,105,jobs.c,jobs.h,count_all_jobs,job,functionimpl,type,Use,115.0,True,774.0,940.0,job_control,job_control
104,105,jobs.c,jobs.h,mark_all_jobs_as_dead,jobstats,functionimpl,type,Use,115.0,True,787.0,941.0,job_control,job_control
104,105,jobs.c,jobs.h,mark_all_jobs_as_dead,job,functionimpl,type,Use,115.0,True,787.0,940.0,job_control,job_control
104,105,jobs.c,jobs.h,init_job_stats,init_job_stats,functionimpl,functionproto,Implement,24.0,True,782.0,921.0,job_control,job_control
104,105,jobs.c,jobs.h,making_children,making_children,functionimpl,functionproto,Implement,24.0,True,786.0,925.0,job_control,job_control
104,105,jobs.c,jobs.h,stop_making_children,stop_making_children,functionimpl,functionproto,Implement,24.0,True,799.0,932.0,job_control,job_control
104,105,jobs.c,jobs.h,cleanup_the_pipeline,cleanup_the_pipeline,functionimpl,functionproto,Implement,24.0,True,773.0,912.0,job_control,job_control
104,105,jobs.c,jobs.h,start_pipeline,start_pipeline,functionimpl,functionproto,Implement,24.0,True,798.0,931.0,job_control,job_control
104,105,jobs.c,jobs.h,terminate_current_pipeline,terminate_current_pipeline,functionimpl,functionproto,Implement,24.0,True,800.0,933.0,job_control,job_control
104,105,jobs.c,jobs.h,terminate_stopped_jobs,terminate_stopped_jobs,functionimpl,functionproto,Implement,24.0,True,801.0,934.0,job_control,job_control
104,105,jobs.c,jobs.h,hangup_all_jobs,hangup_all_jobs,functionimpl,functionproto,Implement,24.0,True,780.0,919.0,job_control,job_control
104,105,jobs.c,jobs.h,kill_current_pipeline,kill_current_pipeline,functionimpl,functionproto,Implement,24.0,True,785.0,924.0,job_control,job_control
104,105,jobs.c,jobs.h,ignore_tty_job_signals,ignore_tty_job_signals,functionimpl,functionproto,Implement,24.0,True,781.0,920.0,job_control,job_control
104,105,jobs.c,jobs.h,default_tty_job_signals,default_tty_job_signals,functionimpl,functionproto,Implement,24.0,True,776.0,914.0,job_control,job_control
104,105,jobs.c,jobs.h,get_tty_state,get_tty_state,functionimpl,functionproto,Implement,24.0,True,779.0,917.0,job_control,job_control
104,105,jobs.c,jobs.h,set_tty_state,set_tty_state,functionimpl,functionproto,Implement,24.0,True,797.0,930.0,job_control,job_control
104,105,jobs.c,jobs.h,wait_for_background_pids,wait_for_background_pids,functionimpl,functionproto,Implement,24.0,True,803.0,936.0,job_control,job_control
104,105,jobs.c,jobs.h,notify_and_cleanup,notify_and_cleanup,functionimpl,functionproto,Implement,24.0,True,788.0,926.0,job_control,job_control
104,105,jobs.c,jobs.h,reap_dead_jobs,reap_dead_jobs,functionimpl,functionproto,Implement,24.0,True,791.0,927.0,job_control,job_control
104,105,jobs.c,jobs.h,initialize_job_signals,initialize_job_signals,functionimpl,functionproto,Implement,24.0,True,783.0,923.0,job_control,job_control
104,105,jobs.c,jobs.h,count_all_jobs,count_all_jobs,functionimpl,functionproto,Implement,24.0,True,774.0,913.0,job_control,job_control
104,105,jobs.c,jobs.h,freeze_jobs_list,freeze_jobs_list,functionimpl,functionproto,Implement,24.0,True,778.0,916.0,job_control,job_control
104,105,jobs.c,jobs.h,unfreeze_jobs_list,unfreeze_jobs_list,functionimpl,functionproto,Implement,24.0,True,802.0,935.0,job_control,job_control
104,105,jobs.c,jobs.h,without_job_control,without_job_control,functionimpl,functionproto,Implement,24.0,True,804.0,937.0,job_control,job_control
104,105,jobs.c,jobs.h,end_job_control,end_job_control,functionimpl,functionproto,Implement,24.0,True,777.0,915.0,job_control,job_control
104,105,jobs.c,jobs.h,restart_job_control,restart_job_control,functionimpl,functionproto,Implement,24.0,True,794.0,928.0,job_control,job_control
104,105,jobs.c,jobs.h,set_sigchld_handler,set_sigchld_handler,functionimpl,functionproto,Implement,24.0,True,796.0,929.0,job_control,job_control
104,105,jobs.c,jobs.h,,jobs,file,type,Contain,21.0,False,,,job_control,job_control
104,105,jobs.c,jobs.h,cleanup_the_pipeline,process,functionimpl,type,Contain,21.0,True,773.0,943.0,job_control,job_control
104,105,jobs.c,jobs.h,bgp_clear,pidstat,functionimpl,type,Contain,21.0,True,770.0,942.0,job_control,job_control
104,105,jobs.c,jobs.h,bgp_prune,pidstat,functionimpl,type,Contain,21.0,True,771.0,942.0,job_control,job_control
104,105,jobs.c,jobs.h,realloc_jobs_list,job,functionimpl,type,Contain,21.0,True,790.0,940.0,job_control,job_control
262,33,lib/sh/stringvec.c,command.h,,command,file,type,Contain,2.0,False,,194.0,libsh,general
316,338,shell.h,unwind_prot.h,,,file,file,Import,1.0,False,,,general,general
38,39,error.c,error.h,get_name_for_error,get_name_for_error,functionimpl,functionproto,Implement,1.0,True,243.0,258.0,error_handling,error_handling
13,15,bashhist.c,bashintl.h,,,file,file,Import,1.0,False,,,general,general
28,26,builtins/evalstring.c,builtins/common.h,,,file,file,Import,1.0,False,,,libbuiltins,libbuiltins
28,26,builtins/evalstring.c,builtins/common.h,parse_and_execute_cleanup,parse_and_execute_cleanup,functionimpl,functionproto,Implement,1.0,True,121.0,108.0,libbuiltins,libbuiltins
13,19,bashhist.c,bashtypes.h,,,file,file,Import,1.0,False,,,general,general
146,126,lib/intl/textdomain.c,lib/intl/gettextP.h,,,file,file,Import,1.0,False,,,libintl,libintl
319,320,siglist.c,siglist.h,,,file,file,Import,1.0,False,,,signal_handling,signal_handling
28,22,builtins/evalstring.c,builtins.h,,,file,file,Import,1.0,False,,,libbuiltins,libbuiltins
79,99,findcmd.h,include/stdc.h,,,file,file,Import,1.0,False,,,general,general
160,220,lib/readline/bind.c,lib/readline/xmalloc.h,,,file,file,Import,1.0,False,,,libreadline,libreadline
230,99,lib/sh/fpurge.c,include/stdc.h,,,file,file,Import,1.0,False,,,libsh,general
76,15,expr.c,bashintl.h,,,file,file,Import,1.0,False,,,general,general
76,12,expr.c,bashansi.h,,,file,file,Import,1.0,False,,,general,general
28,33,builtins/evalstring.c,command.h,,command,file,type,Contain,1.0,False,,194.0,libbuiltins,general
262,19,lib/sh/stringvec.c,bashtypes.h,,,file,file,Import,1.0,False,,,libsh,general
13,12,bashhist.c,bashansi.h,,,file,file,Import,1.0,False,,,general,general
13,14,bashhist.c,bashhist.h,,,file,file,Import,1.0,False,,,general,general
262,12,lib/sh/stringvec.c,bashansi.h,,,file,file,Import,1.0,False,,,libsh,general
38,19,error.c,bashtypes.h,,,file,file,Import,1.0,False,,,error_handling,general
6,316,array.c,shell.h,,,file,file,Import,1.0,False,,,general,general
38,15,error.c,bashintl.h,,,file,file,Import,1.0,False,,,error_handling,general
316,301,shell.h,make_cmd.h,,,file,file,Import,1.0,False,,,general,general
333,19,test.c,bashtypes.h,,,file,file,Import,1.0,False,,,general,general
313,75,redir.c,execute_cmd.h,,,file,file,Import,1.0,False,,,general,general
38,12,error.c,bashansi.h,,,file,file,Import,1.0,False,,,error_handling,general
10,12,assoc.c,bashansi.h,,,file,file,Import,1.0,False,,,general,general
316,16,shell.h,bashjmp.h,,,file,file,Import,1.0,False,,,general,general
248,19,lib/sh/rename.c,bashtypes.h,,,file,file,Import,1.0,False,,,libsh,general
245,77,lib/sh/oslib.c,externs.h,getdtablesize,getdtablesize,functionimpl,functionproto,Implement,3.0,True,2323.0,541.0,libsh,general
245,77,lib/sh/oslib.c,externs.h,getmaxgroups,getmaxgroups,functionimpl,functionproto,Implement,3.0,True,2325.0,544.0,libsh,general
245,77,lib/sh/oslib.c,externs.h,getmaxchild,getmaxchild,functionimpl,functionproto,Implement,3.0,True,2324.0,543.0,libsh,general
147,19,lib/malloc/alloca.c,bashtypes.h,,,file,file,Import,1.0,False,,,libmalloc,general
333,15,test.c,bashintl.h,,,file,file,Import,1.0,False,,,general,general
234,191,lib/sh/input_avail.c,lib/readline/posixselect.h,,,file,file,Import,1.0,False,,,libsh,libreadline
313,81,redir.c,flags.h,,,file,file,Import,1.0,False,,,general,general
40,81,eval.c,flags.h,,,file,file,Import,1.0,False,,,general,general
313,83,redir.c,general.h,,general,file,type,Contain,1.0,False,,,general,general
313,89,redir.c,include/filecntl.h,,,file,file,Import,1.0,False,,,general,general
10,26,assoc.c,builtins/common.h,,,file,file,Import,1.0,False,,,general,libbuiltins
27,336,builtins/evalfile.c,trap.h,,,file,file,Import,1.0,False,,,libbuiltins,general
161,220,lib/readline/callback.c,lib/readline/xmalloc.h,,,file,file,Import,1.0,False,,,libreadline,libreadline
40,75,eval.c,execute_cmd.h,reader_loop,execute_command,functionimpl,functionproto,Call,1.0,True,267.0,452.0,general,general
40,75,eval.c,execute_cmd.h,,,file,file,Import,1.0,False,,,general,general
40,77,eval.c,externs.h,parse_command,yyparse,functionimpl,functionproto,Call,2.0,True,265.0,574.0,general,general
40,77,eval.c,externs.h,read_command,set_current_prompt_level,functionimpl,functionproto,Call,2.0,True,266.0,554.0,general,general
40,77,eval.c,externs.h,reader_loop,reader_loop,functionimpl,functionproto,Implement,3.0,True,267.0,551.0,general,general
40,77,eval.c,externs.h,parse_command,parse_command,functionimpl,functionproto,Implement,3.0,True,265.0,549.0,general,general
40,77,eval.c,externs.h,read_command,read_command,functionimpl,functionproto,Implement,3.0,True,266.0,550.0,general,general
333,26,test.c,builtins/common.h,,,file,file,Import,1.0,False,,,general,libbuiltins
313,92,redir.c,include/memalloc.h,,,file,file,Import,1.0,False,,,general,libbuiltins
316,323,shell.h,subst.h,,,file,file,Import,1.0,False,,,general,general
316,33,shell.h,command.h,,,file,file,Import,1.0,False,,,general,general
316,33,shell.h,command.h,,command,file,type,Contain,1.0,False,,194.0,general,general
316,37,shell.h,dispose_cmd.h,,,file,file,Import,1.0,False,,,general,general
298,19,mailcheck.c,bashtypes.h,,,file,file,Import,1.0,False,,,general,general
298,15,mailcheck.c,bashintl.h,,,file,file,Import,1.0,False,,,general,general
316,39,shell.h,error.h,,,file,file,Import,1.0,False,,,general,error_handling
290,289,lib/termcap/termcap.c,lib/termcap/ltcap.h,,,file,file,Import,1.0,False,,,libtermcap,libtermcap
298,12,mailcheck.c,bashansi.h,,,file,file,Import,1.0,False,,,general,general
76,77,expr.c,externs.h,expassign,itos,functionimpl,functionproto,Call,3.0,True,463.0,548.0,general,general
76,77,expr.c,externs.h,exp0,itos,functionimpl,functionproto,Call,3.0,True,457.0,548.0,general,general
316,312,shell.h,quit.h,,,file,file,Import,1.0,False,,,general,general
27,316,builtins/evalfile.c,shell.h,,,file,file,Import,1.0,False,,,libbuiltins,general
245,89,lib/sh/oslib.c,include/filecntl.h,,,file,file,Import,1.0,False,,,libsh,general
232,12,lib/sh/getenv.c,bashansi.h,,,file,file,Import,1.0,False,,,libsh,general
245,88,lib/sh/oslib.c,include/chartypes.h,,,file,file,Import,1.0,False,,,libsh,general
316,7,shell.h,array.h,_sh_parser_state_t,array,type,type,Contain,1.0,True,2923.0,27.0,general,general
316,318,shell.h,sig.h,,,file,file,Import,1.0,False,,,general,signal_handling
316,9,shell.h,arrayfunc.h,,,file,file,Import,1.0,False,,,general,general
4,33,alias.c,command.h,,,file,file,Import,1.0,False,,,general,general
175,176,lib/readline/histfile.c,lib/readline/histlib.h,,,file,file,Import,1.0,False,,,libreadline,libreadline
175,178,lib/readline/histfile.c,lib/readline/history.h,,,file,file,Import,1.0,False,,,libreadline,libreadline
107,114,lib/glob/glob.c,lib/glob/strmatch.h,,,file,file,Import,1.0,False,,,libglob,libglob
107,89,lib/glob/glob.c,include/filecntl.h,,,file,file,Import,1.0,False,,,libglob,general
313,33,redir.c,command.h,,command,file,type,Contain,21.0,False,,194.0,general,general
300,39,make_cmd.c,error.h,,,file,file,Import,1.0,False,,,general,error_handling
300,37,make_cmd.c,dispose_cmd.h,,,file,file,Import,1.0,False,,,general,general
107,92,lib/glob/glob.c,include/memalloc.h,,,file,file,Import,1.0,False,,,libglob,libbuiltins
268,101,lib/sh/strtol.c,include/typemax.h,,,file,file,Import,1.0,False,,,libsh,general
300,33,make_cmd.c,command.h,alloc_word_desc,word_desc,functionimpl,type,Cast,8.0,True,2655.0,211.0,general,general
300,33,make_cmd.c,command.h,make_bare_simple_command,command,functionimpl,type,Cast,8.0,True,2657.0,194.0,general,general
300,33,make_cmd.c,command.h,make_bare_simple_command,simple_com,functionimpl,type,Cast,8.0,True,2657.0,208.0,general,general
300,33,make_cmd.c,command.h,make_bare_simple_command,word_list,functionimpl,type,Cast,8.0,True,2657.0,212.0,general,general
300,33,make_cmd.c,command.h,make_bare_simple_command,redirect,functionimpl,type,Cast,8.0,True,2657.0,207.0,general,general
300,33,make_cmd.c,command.h,,,file,file,Import,1.0,False,,,general,general
300,33,make_cmd.c,command.h,make_for_or_select,COMMAND,functionproto,alias,Return,15.0,True,2663.0,171.0,general,general
300,33,make_cmd.c,command.h,make_until_or_while,COMMAND,functionproto,alias,Return,15.0,True,2668.0,171.0,general,general
300,33,make_cmd.c,command.h,alloc_word_desc,WORD_DESC,functionimpl,alias,Return,15.0,True,2655.0,182.0,general,general
300,33,make_cmd.c,command.h,make_bare_word,WORD_DESC,functionproto,alias,Return,15.0,True,2660.0,182.0,general,general
300,33,make_cmd.c,command.h,make_word,WORD_DESC,functionproto,alias,Return,15.0,True,2669.0,182.0,general,general
300,33,make_cmd.c,command.h,make_word_from_token,WORD_DESC,functionproto,alias,Return,15.0,True,2670.0,182.0,general,general
300,33,make_cmd.c,command.h,make_word_list,WORD_LIST,functionproto,alias,Return,15.0,True,2671.0,183.0,general,general
300,33,make_cmd.c,command.h,make_command,COMMAND,functionproto,alias,Return,15.0,True,2661.0,171.0,general,general
300,33,make_cmd.c,command.h,command_connect,COMMAND,functionproto,alias,Return,15.0,True,2658.0,171.0,general,general
300,33,make_cmd.c,command.h,make_group_command,COMMAND,functionproto,alias,Return,15.0,True,2664.0,171.0,general,general
300,33,make_cmd.c,command.h,make_if_command,COMMAND,functionproto,alias,Return,15.0,True,2666.0,171.0,general,general
300,33,make_cmd.c,command.h,make_arith_command,COMMAND,functionproto,alias,Return,15.0,True,2659.0,171.0,general,general
300,33,make_cmd.c,command.h,make_cond_command,COMMAND,functionproto,alias,Return,15.0,True,2662.0,171.0,general,general
300,33,make_cmd.c,command.h,make_bare_simple_command,COMMAND,functionimpl,alias,Return,15.0,True,2657.0,171.0,general,general
300,33,make_cmd.c,command.h,make_redirection,REDIRECT,functionproto,alias,Return,15.0,True,2667.0,178.0,general,general
300,33,make_cmd.c,command.h,cmd_init,word_desc,functionimpl,type,Use,21.0,True,2656.0,211.0,general,general
300,33,make_cmd.c,command.h,cmd_init,word_list,functionimpl,type,Use,21.0,True,2656.0,212.0,general,general
300,33,make_cmd.c,command.h,alloc_word_desc,word_desc,functionimpl,type,Use,21.0,True,2655.0,211.0,general,general
300,33,make_cmd.c,command.h,make_bare_simple_command,command,functionimpl,type,Use,21.0,True,2657.0,194.0,general,general
300,33,make_cmd.c,command.h,make_bare_simple_command,COMMAND,functionimpl,alias,Use,21.0,True,2657.0,171.0,general,general
300,33,make_cmd.c,command.h,make_bare_simple_command,simple_com,functionimpl,type,Use,21.0,True,2657.0,208.0,general,general
300,33,make_cmd.c,command.h,make_bare_simple_command,word_list,functionimpl,type,Use,21.0,True,2657.0,212.0,general,general
300,33,make_cmd.c,command.h,make_bare_simple_command,redirect,functionimpl,type,Use,21.0,True,2657.0,207.0,general,general
300,33,make_cmd.c,command.h,,command,file,type,Contain,67.0,False,,194.0,general,general
300,33,make_cmd.c,command.h,alloc_word_desc,word_desc,functionimpl,type,Contain,67.0,True,2655.0,211.0,general,general
300,33,make_cmd.c,command.h,make_bare_simple_command,simple_com,functionimpl,type,Contain,67.0,True,2657.0,208.0,general,general
250,340,lib/sh/shmatch.c,variables.h,,,file,file,Import,1.0,False,,,libsh,general
298,75,mailcheck.c,execute_cmd.h,,,file,file,Import,1.0,False,,,general,general
309,99,pcomplete.h,include/stdc.h,,,file,file,Import,1.0,False,,,general,general
340,7,variables.h,array.h,,,file,file,Import,1.0,False,,,general,general
340,7,variables.h,array.h,_value,array,type,type,Contain,1.0,True,3691.0,27.0,general,general
311,316,print_cmd.c,shell.h,,,file,file,Import,1.0,False,,,general,general
76,88,expr.c,include/chartypes.h,,,file,file,Import,1.0,False,,,general,general
298,83,mailcheck.c,general.h,time_to_check_mail,legal_number,functionimpl,functionproto,Call,4.0,True,2621.0,688.0,general,general
298,83,mailcheck.c,general.h,time_to_check_mail,NOW,functionimpl,var,Call,4.0,True,2621.0,694.0,general,general
298,83,mailcheck.c,general.h,reset_mail_timer,NOW,functionimpl,var,Call,4.0,True,2620.0,694.0,general,general
298,83,mailcheck.c,general.h,remember_mail_dates,extract_colon_unit,functionimpl,functionproto,Call,4.0,True,2618.0,684.0,general,general
298,83,mailcheck.c,general.h,time_to_check_mail,NOW,functionimpl,var,Use,2.0,True,2621.0,694.0,general,general
298,83,mailcheck.c,general.h,reset_mail_timer,NOW,functionimpl,var,Use,2.0,True,2620.0,694.0,general,general
225,89,lib/sh/eaccess.c,include/filecntl.h,,,file,file,Import,1.0,False,,,libsh,general
107,108,lib/glob/glob.c,lib/glob/glob.h,,,file,file,Import,1.0,False,,,libglob,libglob
164,220,lib/readline/display.c,lib/readline/xmalloc.h,,,file,file,Import,1.0,False,,,libreadline,libreadline
107,109,lib/glob/glob.c,lib/glob/glob_loop.c,,,file,file,Import,1.0,False,,,libglob,libglob
175,192,lib/readline/histfile.c,lib/readline/posixstat.h,,,file,file,Import,1.0,False,,,libreadline,libreadline
4,12,alias.c,bashansi.h,,,file,file,Import,1.0,False,,,general,general
236,189,lib/sh/mailstat.c,lib/readline/posixdir.h,,,file,file,Import,1.0,False,,,libsh,libreadline
311,345,print_cmd.c,y.tab.h,,,file,file,Import,1.0,False,,,general,general
175,199,lib/readline/histfile.c,lib/readline/rlshell.h,,,file,file,Import,1.0,False,,,libreadline,libreadline
311,340,print_cmd.c,variables.h,indirection_level_string,get_string_value,functionimpl,functionproto,Call,1.0,True,2806.0,3665.0,general,general
300,19,make_cmd.c,bashtypes.h,,,file,file,Import,1.0,False,,,general,general
300,19,make_cmd.c,bashtypes.h,,,file,var,Use,1.0,False,,,general,general
300,15,make_cmd.c,bashintl.h,,,file,file,Import,1.0,False,,,general,general
177,176,lib/readline/history.c,lib/readline/histlib.h,,,file,file,Import,1.0,False,,,libreadline,libreadline
300,12,make_cmd.c,bashansi.h,,,file,file,Import,1.0,False,,,general,general
78,192,findcmd.c,lib/readline/posixstat.h,,,file,file,Import,1.0,False,,,general,libreadline
177,178,lib/readline/history.c,lib/readline/history.h,,history,file,type,Cast,6.0,False,,,libreadline,libreadline
177,178,lib/readline/history.c,lib/readline/history.h,history_get_history_state,_hist_state,functionimpl,type,Cast,6.0,True,1604.0,1638.0,libreadline,libreadline
177,178,lib/readline/history.c,lib/readline/history.h,current_history,_hist_entry,functionimpl,type,Cast,6.0,True,1602.0,1637.0,libreadline,libreadline
177,178,lib/readline/history.c,lib/readline/history.h,previous_history,_hist_entry,functionimpl,type,Cast,6.0,True,1609.0,1637.0,libreadline,libreadline
177,178,lib/readline/history.c,lib/readline/history.h,next_history,_hist_entry,functionimpl,type,Cast,6.0,True,1608.0,1637.0,libreadline,libreadline
177,178,lib/readline/history.c,lib/readline/history.h,clear_history,_hist_entry,functionimpl,type,Cast,6.0,True,1601.0,1637.0,libreadline,libreadline
177,178,lib/readline/history.c,lib/readline/history.h,,,file,file,Import,1.0,False,,,libreadline,libreadline
177,178,lib/readline/history.c,lib/readline/history.h,history_get_history_state,HISTORY_STATE,functionimpl,alias,Return,8.0,True,1604.0,1634.0,libreadline,libreadline
177,178,lib/readline/history.c,lib/readline/history.h,history_list,HIST_ENTRY,functionimpl,alias,Return,8.0,True,1606.0,1635.0,libreadline,libreadline
177,178,lib/readline/history.c,lib/readline/history.h,current_history,HIST_ENTRY,functionimpl,alias,Return,8.0,True,1602.0,1635.0,libreadline,libreadline
177,178,lib/readline/history.c,lib/readline/history.h,previous_history,HIST_ENTRY,functionimpl,alias,Return,8.0,True,1609.0,1635.0,libreadline,libreadline
177,178,lib/readline/history.c,lib/readline/history.h,next_history,HIST_ENTRY,functionimpl,alias,Return,8.0,True,1608.0,1635.0,libreadline,libreadline
177,178,lib/readline/history.c,lib/readline/history.h,history_get,HIST_ENTRY,functionproto,alias,Return,8.0,True,1615.0,1635.0,libreadline,libreadline
177,178,lib/readline/history.c,lib/readline/history.h,alloc_history_entry,HIST_ENTRY,functionproto,alias,Return,8.0,True,1614.0,1635.0,libreadline,libreadline
177,178,lib/readline/history.c,lib/readline/history.h,replace_history_entry,HIST_ENTRY,functionproto,alias,Return,8.0,True,1617.0,1635.0,libreadline,libreadline
177,178,lib/readline/history.c,lib/readline/history.h,history_get_history_state,_hist_state,functionimpl,type,Use,14.0,True,1604.0,1638.0,libreadline,libreadline
177,178,lib/readline/history.c,lib/readline/history.h,history_get_history_state,_hist_entry,functionimpl,type,Use,14.0,True,1604.0,1637.0,libreadline,libreadline
177,178,lib/readline/history.c,lib/readline/history.h,history_total_bytes,_hist_entry,functionimpl,type,Use,14.0,True,1607.0,1637.0,libreadline,libreadline
177,178,lib/readline/history.c,lib/readline/history.h,current_history,_hist_entry,functionimpl,type,Use,14.0,True,1602.0,1637.0,libreadline,libreadline
177,178,lib/readline/history.c,lib/readline/history.h,previous_history,_hist_entry,functionimpl,type,Use,14.0,True,1609.0,1637.0,libreadline,libreadline
177,178,lib/readline/history.c,lib/readline/history.h,next_history,_hist_entry,functionimpl,type,Use,14.0,True,1608.0,1637.0,libreadline,libreadline
177,178,lib/readline/history.c,lib/readline/history.h,clear_history,_hist_entry,functionimpl,type,Use,14.0,True,1601.0,1637.0,libreadline,libreadline
177,178,lib/readline/history.c,lib/readline/history.h,,history,file,type,Contain,8.0,False,,,libreadline,libreadline
177,178,lib/readline/history.c,lib/readline/history.h,history_get_history_state,_hist_state,functionimpl,type,Contain,8.0,True,1604.0,1638.0,libreadline,libreadline
252,332,lib/sh/shquote.c,syntax.h,,,file,file,Import,1.0,False,,,libsh,general
341,305,version.c,patchlevel.h,,,file,file,Import,1.0,False,,,general,general
107,99,lib/glob/glob.c,include/stdc.h,,,file,file,Import,1.0,False,,,libglob,general
107,97,lib/glob/glob.c,include/shmbutil.h,,,file,file,Import,1.0,False,,,libglob,general
281,343,lib/sh/wcsdup.c,xmalloc.h,,,file,file,Import,1.0,False,,,libsh,job_control
23,88,builtins/bashgetopt.c,include/chartypes.h,,,file,file,Import,1.0,False,,,libbuiltins,general
10,11,assoc.c,assoc.h,,,file,file,Import,1.0,False,,,general,general
252,343,lib/sh/shquote.c,xmalloc.h,,,file,file,Import,1.0,False,,,libsh,job_control
309,87,pcomplete.h,hashlib.h,,,file,file,Import,1.0,False,,,general,general
309,87,pcomplete.h,hashlib.h,,hashlib,file,type,Contain,1.0,False,,,general,general
316,93,shell.h,include/ocache.h,,,file,file,Import,1.0,False,,,general,general
173,194,lib/readline/funmap.c,lib/readline/readline.h,,,file,file,Import,1.0,False,,,libreadline,libreadline
173,194,lib/readline/funmap.c,lib/readline/readline.h,rl_initialize_funmap,_funmap,functionimpl,type,Use,5.0,True,1552.0,1869.0,libreadline,libreadline
173,194,lib/readline/funmap.c,lib/readline/readline.h,rl_funmap_names,_funmap,functionimpl,type,Use,5.0,True,1551.0,1869.0,libreadline,libreadline
173,194,lib/readline/funmap.c,lib/readline/readline.h,,readline,file,type,Contain,2.0,False,,,libreadline,libreadline
278,19,lib/sh/ufuncs.c,bashtypes.h,,,file,file,Import,1.0,False,,,libsh,general
173,195,lib/readline/funmap.c,lib/readline/rlconf.h,,,file,file,Import,1.0,False,,,libreadline,libreadline
231,189,lib/sh/getcwd.c,lib/readline/posixdir.h,,,file,file,Import,1.0,False,,,libsh,libreadline
303,19,nojobs.c,bashtypes.h,,,file,file,Import,1.0,False,,,job_control,general
231,192,lib/sh/getcwd.c,lib/readline/posixstat.h,,,file,file,Import,1.0,False,,,libsh,libreadline
303,15,nojobs.c,bashintl.h,,,file,file,Import,1.0,False,,,job_control,general
248,99,lib/sh/rename.c,include/stdc.h,,,file,file,Import,1.0,False,,,libsh,general
316,83,shell.h,general.h,,,file,file,Import,1.0,False,,,general,general
25,316,builtins/common.c,shell.h,,,file,file,Import,1.0,False,,,libbuiltins,general
316,91,shell.h,include/maxpath.h,,,file,file,Import,1.0,False,,,general,general
226,227,lib/sh/fmtullong.c,lib/sh/fmtulong.c,,,file,file,Import,1.0,False,,,libsh,libsh
313,12,redir.c,bashansi.h,,,file,file,Import,1.0,False,,,general,general
74,192,execute_cmd.c,lib/readline/posixstat.h,,,file,file,Import,1.0,False,,,general,libreadline
245,19,lib/sh/oslib.c,bashtypes.h,,,file,file,Import,1.0,False,,,libsh,general
313,15,redir.c,bashintl.h,,,file,file,Import,1.0,False,,,general,general
250,316,lib/sh/shmatch.c,shell.h,,,file,file,Import,1.0,False,,,libsh,general
313,19,redir.c,bashtypes.h,,,file,file,Import,1.0,False,,,general,general
245,12,lib/sh/oslib.c,bashansi.h,,,file,file,Import,1.0,False,,,libsh,general
303,39,nojobs.c,error.h,wait_for_background_pids,sys_error,functionimpl,functionproto,Call,1.0,True,2757.0,263.0,job_control,error_handling
303,33,nojobs.c,command.h,,command,file,type,Contain,1.0,False,,194.0,job_control,general
40,26,eval.c,builtins/common.h,send_pwd_to_eterm,get_working_directory,functionimpl,functionproto,Call,1.0,True,268.0,102.0,general,libbuiltins
40,26,eval.c,builtins/common.h,,,file,file,Import,1.0,False,,,general,libbuiltins
174,178,lib/readline/histexpand.c,lib/readline/history.h,,,file,file,Import,1.0,False,,,libreadline,libreadline
336,19,trap.h,bashtypes.h,,,file,file,Import,1.0,False,,,general,general
174,176,lib/readline/histexpand.c,lib/readline/histlib.h,,,file,file,Import,1.0,False,,,libreadline,libreadline
174,197,lib/readline/histexpand.c,lib/readline/rlmbutil.h,,,file,file,Import,1.0,False,,,libreadline,libreadline
291,289,lib/termcap/tparam.c,lib/termcap/ltcap.h,,,file,file,Import,1.0,False,,,libtermcap,libtermcap
235,12,lib/sh/itos.c,bashansi.h,,,file,file,Import,1.0,False,,,libsh,general
40,15,eval.c,bashintl.h,,,file,file,Import,1.0,False,,,general,general
25,336,builtins/common.c,trap.h,,,file,file,Import,1.0,False,,,libbuiltins,general
40,12,eval.c,bashansi.h,,,file,file,Import,1.0,False,,,general,general
306,81,pathexp.c,flags.h,,,file,file,Import,1.0,False,,,general,general
225,19,lib/sh/eaccess.c,bashtypes.h,,,file,file,Import,1.0,False,,,libsh,general
28,336,builtins/evalstring.c,trap.h,parse_and_execute_cleanup,run_trap_cleanup,functionimpl,functionproto,Call,1.0,True,121.0,3435.0,libbuiltins,general
28,336,builtins/evalstring.c,trap.h,,,file,file,Import,1.0,False,,,libbuiltins,general
228,227,lib/sh/fmtumax.c,lib/sh/fmtulong.c,,,file,file,Import,1.0,False,,,libsh,libsh
339,94,variables.c,include/posixtime.h,,,file,file,Import,1.0,False,,,general,general
107,192,lib/glob/glob.c,lib/readline/posixstat.h,,,file,file,Import,1.0,False,,,libglob,libreadline
225,12,lib/sh/eaccess.c,bashansi.h,,,file,file,Import,1.0,False,,,libsh,general
107,189,lib/glob/glob.c,lib/readline/posixdir.h,,,file,file,Import,1.0,False,,,libglob,libreadline
285,343,lib/sh/zgetline.c,xmalloc.h,,,file,file,Import,1.0,False,,,libsh,job_control
344,334,y.tab.c,test.h,,,file,file,Import,1.0,False,,,general,general
344,336,y.tab.c,trap.h,,,file,file,Import,1.0,False,,,general,general
40,39,eval.c,error.h,reader_loop,command_error,functionimpl,functionproto,Call,1.0,True,267.0,257.0,general,error_handling
28,316,builtins/evalstring.c,shell.h,,,file,file,Import,1.0,False,,,libbuiltins,general
40,37,eval.c,dispose_cmd.h,reader_loop,dispose_command,functionimpl,functionproto,Call,2.0,True,267.0,239.0,general,general
40,33,eval.c,command.h,reader_loop,command,functionimpl,type,Cast,8.0,True,267.0,194.0,general,general
40,33,eval.c,command.h,read_command,command,functionimpl,type,Cast,8.0,True,266.0,194.0,general,general
40,33,eval.c,command.h,reader_loop,command,functionimpl,type,Use,8.0,True,267.0,194.0,general,general
40,33,eval.c,command.h,read_command,command,functionimpl,type,Use,8.0,True,266.0,194.0,general,general
40,33,eval.c,command.h,reader_loop,command,functionimpl,type,Contain,1.0,True,267.0,194.0,general,general
344,340,y.tab.c,variables.h,prompt_again,get_string_value,functionimpl,functionproto,Call,2.0,True,3720.0,3665.0,general,general
316,77,shell.h,externs.h,,,file,file,Import,1.0,False,,,general,general
83,99,general.h,include/stdc.h,,,file,file,Import,1.0,False,,,general,general
20,97,bracecomp.c,include/shmbutil.h,,,file,file,Import,1.0,False,,,general,general
29,316,builtins/getopt.c,shell.h,,,file,file,Import,1.0,False,,,libbuiltins,general
306,97,pathexp.c,include/shmbutil.h,,,file,file,Import,1.0,False,,,general,general
107,19,lib/glob/glob.c,bashtypes.h,,,file,file,Import,1.0,False,,,libglob,general
268,12,lib/sh/strtol.c,bashansi.h,,,file,file,Import,1.0,False,,,libsh,general
28,345,builtins/evalstring.c,y.tab.h,,,file,file,Import,1.0,False,,,libbuiltins,general
107,12,lib/glob/glob.c,bashansi.h,,,file,file,Import,1.0,False,,,libglob,general
83,88,general.h,include/chartypes.h,,,file,file,Import,1.0,False,,,general,general
